5.563633,5.602015,5.579579,5.458152,5.691303,5.678545,5.604133,5.860284,5.561504,5.455075,5.760425,5.866074,5.307858,4.033665,1.695974,1.700621,1.853641,1.629910,0.951442,0.221290,0.049876,1.542163,2.396322,3.184922,3.933115,3.672013,4.089386,4.669074,4.836636,5.109427,5.026042,4.630313,4.942101,5.049376,5.139215,5.393280,5.157114,5.107637,5.253180,5.146108,5.233925,5.277709,5.069260,5.186700,5.210073,5.156488,5.285902,5.111719,4.997179,5.200582,5.073202,5.096200,5.189762,4.925903,5.019590,5.097666,4.952200,5.135245,5.014753,4.779006,5.095882,4.997301,4.862834,4.856644,4.748004,4.424507,4.047716
6.779765,6.900837,6.976695,6.946366,7.254208,7.245468,7.094812,7.146372,7.059537,7.203923,7.687836,7.843141,6.665839,4.514621,1.699077,1.940675,2.259133,1.910901,0.404678,0.581695,0.886616,0.029547,0.263469,0.158629,0.170581,1.107384,3.063173,4.608370,4.278154,5.448430,5.712329,4.955525,5.423343,5.868142,6.195210,6.273291,6.163311,6.140510,6.209803,6.200380,6.222607,6.251668,6.269093,6.284369,6.284515,6.272573,6.267748,6.194868,6.169938,6.282297,6.255554,6.239907,6.230324,6.171392,6.267138,6.359946,6.362699,6.363863,6.314265,6.310308,6.694115,6.796839,6.576878,5.967863,5.440666,4.718053,4.030742
7.279299,7.324330,7.353862,7.346766,7.555360,7.522435,7.370874,7.336547,7.154159,7.246853,7.741726,7.939725,6.778970,4.551492,1.412733,1.657871,2.097180,1.924564,0.316412,0.777066,1.272040,0.832896,0.768985,1.164502,1.874755,0.813403,0.973639,2.429476,2.154442,3.796287,4.715376,4.699993,5.435362,6.065097,6.460442,6.419892,6.317494,6.294331,6.356693,6.445250,6.461402,6.494283,6.621637,6.626638,6.642561,6.666935,6.629529,6.604420,6.619592,6.703397,6.754379,6.738902,6.686470,6.717732,6.804840,6.895018,6.959889,6.930500,6.944026,7.040739,7.364835,7.578639,7.380620,6.575148,5.930999,5.076762,4.275370
7.488109,7.478197,7.457798,7.426129,7.440262,7.399202,7.349306,7.391468,7.058825,6.989373,7.378126,7.672224,6.824686,4.846914,1.360891,1.254326,1.484189,1.302721,0.126981,0.932172,1.613560,1.395529,1.335882,1.584409,2.115942,2.162512,1.770843,1.263248,0.993522,0.456232,1.731264,2.796675,5.135602,6.176811,6.478053,6.367421,6.263870,6.233430,6.281386,6.398674,6.424459,6.454761,6.569615,6.585076,6.610859,6.648233,6.657394,6.632229,6.632479,6.704326,6.778492,6.789567,6.758550,6.777203,6.824732,6.877435,6.923299,6.959413,6.996731,7.054196,7.200022,7.469502,7.371467,6.632178,6.046456,5.252296,4.500040
8.574955,8.853897,9.051482,9.028934,8.946359,8.982409,9.120099,9.355095,9.327115,9.424193,9.771214,10.312738,9.213224,6.635971,2.356966,1.535414,0.911604,0.247845,1.228889,2.260574,3.066901,3.157876,3.303833,3.663922,4.198539,3.990703,4.490867,4.852338,3.996466,3.295808,2.796703,1.875267,4.957618,7.324853,7.563536,7.350147,7.460650,7.460942,7.340304,7.350405,7.302321,7.279066,7.355614,7.245367,7.194165,7.210107,7.239336,7.221499,7.187811,7.155500,7.191966,7.213700,7.222244,7.240665,7.196190,7.165368,7.192881,7.210392,7.212433,7.192076,7.120101,7.521967,7.495866,6.575753,5.828835,4.974233,4.228675
8.663461,8.986938,9.321016,9.550625,9.465733,9.412086,9.407600,9.508738,9.349236,9.392443,9.792861,10.504642,9.519952,7.021991,2.810469,1.756389,1.174448,0.402066,1.310980,3.048605,4.428063,4.753754,5.187409,5.702889,6.198314,5.503298,5.438303,5.586503,5.511651,3.991295,3.587434,4.130748,0.692815,4.187526,7.957214,7.718484,7.741864,7.779764,7.799073,7.768050,7.691254,7.637212,7.668444,7.586335,7.530252,7.512563,7.543153,7.500628,7.457503,7.462381,7.476227,7.486337,7.490973,7.484579,7.460368,7.492029,7.630851,7.716958,7.721522,7.663523,7.591383,7.814940,7.670361,6.806733,6.190820,5.316428,4.471813
8.582797,8.792190,8.912844,8.830037,8.913492,8.845424,8.754558,8.921639,8.695112,8.769520,9.362313,9.988157,8.853551,6.351828,2.716945,2.170042,1.690633,0.568250,0.942235,2.712577,4.295215,4.958200,5.393464,5.999246,6.701540,5.659850,5.234636,5.185326,5.345293,4.137983,3.906055,4.649941,3.213581,2.180782,7.234553,7.543431,7.087597,6.983964,7.258595,7.259401,7.256930,7.259971,7.277256,7.306955,7.283566,7.236381,7.341818,7.289922,7.244365,7.316670,7.297113,7.318724,7.365143,7.343060,7.378155,7.436055,7.502303,7.590039,7.654788,7.725231,7.904151,8.210593,7.977358,6.826611,6.193001,5.316394,4.476940
8.757668,8.991077,9.074105,8.856687,8.973742,8.840346,8.663342,8.891506,8.567044,8.640364,9.399564,9.933962,8.754822,6.325441,3.048406,2.664886,1.943791,0.166713,1.236363,3.001105,4.722799,5.784207,6.428212,7.192396,8.043344,7.323650,6.608243,6.132023,6.261829,4.967854,4.769124,5.679457,4.415941,1.557814,7.256532,7.609579,6.998617,6.806232,7.075160,7.067152,7.103223,7.118157,7.052616,7.106077,7.080063,7.010052,7.159588,7.115551,7.078894,7.186443,7.177886,7.219496,7.283629,7.221670,7.285002,7.335812,7.295995,7.381132,7.446404,7.547550,7.898171,8.293382,8.054957,6.786227,6.153965,5.302739,4.496147
9.356908,9.806268,10.122231,10.081538,10.075124,9.844862,9.604366,9.828677,9.321049,9.356225,10.315738,10.806834,9.657047,7.236380,3.770244,2.900170,1.638444,0.665279,2.362950,4.381658,6.322399,7.564115,8.683612,9.694209,10.555301,10.808910,10.002383,9.105041,9.267690,7.374253,7.090764,8.319054,5.254503,2.103377,8.443991,8.141020,7.898215,7.786247,7.778563,7.653076,7.636359,7.597869,7.424485,7.370874,7.285417,7.195850,7.312543,7.277887,7.244766,7.316314,7.363296,7.422865,7.464715,7.349833,7.386970,7.414934,7.343442,7.455476,7.455647,7.435683,7.730188,8.127119,7.966986,6.872823,6.271051,5.421804,4.601983
10.159073,10.612454,10.706717,10.121455,10.377274,10.352538,10.273648,10.629729,9.843629,10.028837,11.795327,11.968317,10.034224,6.698460,2.751106,1.817988,0.704492,1.287381,2.697601,5.027708,7.167649,7.399068,8.473117,9.621273,10.681204,11.453392,11.538767,11.615321,12.506434,12.249621,12.281085,12.096774,5.424150,2.610387,8.568825,8.368813,8.306222,8.405983,8.576955,8.200212,8.115484,8.156414,8.221220,8.118101,7.983841,7.860384,7.906924,7.820972,7.714379,7.657437,7.693638,7.760567,7.823500,7.752651,7.764091,7.810892,7.874137,8.038921,8.126030,8.171180,8.301786,8.796190,8.693890,7.477654,6.623275,5.539710,4.542737
9.717125,9.910671,9.957775,9.727360,10.096502,10.355320,10.533242,10.669346,9.851046,10.096595,11.992171,12.257165,10.526645,7.327432,3.100736,1.871219,0.968687,0.231223,1.727655,3.589192,5.149053,5.309004,6.133224,7.123655,8.153060,8.782160,8.968345,9.043990,9.376979,10.648515,10.808373,9.142421,2.254454,3.828265,8.034403,8.710209,8.696970,8.520984,8.265159,8.070335,7.864633,7.676320,7.533397,7.383317,7.229164,7.100874,7.157518,7.180685,7.197630,7.225204,7.278840,7.339761,7.388002,7.342118,7.391549,7.479618,7.582687,7.795088,7.896526,7.946681,8.155148,8.560734,8.451888,7.434714,6.689138,5.635345,4.619406
10.233469,10.305734,10.279902,10.090969,10.504553,10.844460,11.049622,10.938541,9.581269,9.264986,10.664449,10.810337,9.555367,6.795462,1.810105,0.304929,0.607888,1.588979,2.643466,4.280240,5.609101,5.197248,5.901379,6.883314,7.982292,9.085052,9.285935,9.153239,9.267283,10.789727,10.288949,7.256521,1.978206,3.042329,6.914350,8.390666,8.611902,8.797283,8.936265,8.020098,7.831121,7.832786,7.637542,7.413593,7.284389,7.255156,7.317702,7.301940,7.293365,7.351154,7.382708,7.420161,7.452547,7.425416,7.464389,7.527216,7.595317,7.754011,7.840802,7.905572,8.127213,8.497913,8.316701,7.188853,6.498558,5.517093,4.567561
10.710669,10.652095,10.409461,9.927896,10.296947,10.942887,11.489435,11.060854,8.340002,6.650252,7.010488,7.528812,6.744920,4.356371,0.753789,2.376193,3.344608,4.274848,4.692118,5.839778,6.759459,5.945135,6.718230,7.744363,8.807542,10.278307,10.512748,10.295936,10.432767,11.133292,10.060656,7.079515,4.254687,0.147945,4.233562,6.008956,6.723518,7.431920,8.027361,6.982202,7.127072,7.765861,8.463888,8.208824,8.003983,7.931952,8.002640,7.838494,7.692870,7.740460,7.741839,7.776498,7.824842,7.790148,7.795705,7.807200,7.806942,7.924754,7.996855,8.061252,8.261389,8.636446,8.394372,7.090118,6.372140,5.430222,4.548444
9.673644,9.234947,8.503198,7.514294,7.754563,9.411329,11.202533,10.301337,5.328794,1.526014,0.567680,2.708883,2.177938,0.175529,3.447288,4.868119,5.654549,6.067030,6.215727,5.954755,5.577484,5.479351,6.505841,7.448432,8.101938,8.827091,9.106088,9.156018,9.164345,8.561060,8.081152,7.788270,7.262335,4.189781,0.909751,0.303009,1.696823,2.283851,2.244641,3.484930,4.540708,6.209365,9.314455,9.227720,8.723175,8.175074,8.288386,7.999531,7.737146,7.795642,7.804807,7.892353,8.009124,7.928434,7.929973,7.929273,7.879518,8.106462,8.190361,8.206288,8.432804,8.798738,8.597578,7.429881,6.640071,5.659596,4.766359
9.130697,8.204030,6.175569,2.913242,3.665763,5.639429,7.522945,6.349494,1.067307,2.405241,2.214008,0.467851,0.974058,2.667465,4.027161,4.042021,4.039550,4.317575,4.502730,4.206028,3.769619,3.653260,4.944389,5.962684,6.414971,6.778891,6.835464,6.773181,6.781754,6.003815,5.653970,5.939167,7.023018,5.900269,4.612433,5.149794,4.703798,5.469309,6.983977,4.554090,0.208456,4.059221,6.591582,8.221614,8.151637,6.901011,7.289630,7.437587,7.490631,7.524255,7.503079,7.492608,7.506336,7.590657,7.640067,7.660539,7.649746,7.814804,7.915563,7.982406,8.134039,8.632919,8.517567,7.267714,6.349277,5.377138,4.566020
9.728715,8.856153,6.645570,2.840772,3.469625,5.416810,7.139658,5.108640,1.386943,5.546526,5.250718,3.933203,4.064764,5.062883,6.172474,6.140331,5.919250,5.702732,5.064732,4.657408,4.421469,4.329099,5.502353,6.508471,7.065766,7.181369,7.249963,7.248106,7.123512,6.672482,6.527038,6.799104,7.601628,7.411695,7.089706,7.455081,7.500252,8.109516,9.021290,7.844126,3.362462,2.340646,7.893534,9.616401,9.152739,7.375040,7.828560,7.818079,7.704468,7.705881,7.635645,7.608431,7.632599,7.728502,7.809978,7.839762,7.787377,7.952112,8.044903,8.094127,8.214373,8.599792,8.462497,7.373281,6.425707,5.402410,4.539270
10.726065,9.897457,7.898520,4.528519,5.015081,6.582255,7.710272,4.849629,2.211814,6.799132,6.824312,5.902163,5.888458,6.387033,6.857183,7.126885,7.155695,6.904739,6.133331,5.818914,5.733840,5.620273,6.472681,7.345161,8.021572,8.096021,8.223419,8.282523,8.102562,7.956236,7.857467,7.841800,8.194041,8.356543,8.446019,8.556527,8.549380,8.509998,8.490581,8.774190,6.869345,1.815762,8.044385,10.178425,9.696957,7.909209,9.092558,8.669969,8.052395,8.142114,8.104654,8.029952,7.961185,8.057027,8.135244,8.169765,8.137814,8.245207,8.311180,8.355991,8.461546,8.770178,8.551265,7.400456,6.445649,5.411584,4.537554
11.264671,10.410097,8.730111,6.184344,6.716113,7.770056,8.144552,4.922929,1.750409,6.198088,6.628452,5.964965,6.030260,6.225412,5.505536,5.849711,6.276853,6.549097,6.561199,6.554886,6.503198,6.350038,6.847479,7.514986,8.219478,8.411957,8.567407,8.644044,8.564407,8.551770,8.386642,8.118604,8.479931,8.734613,8.954348,9.199998,8.718869,8.034947,7.420903,8.292699,9.681599,6.946438,4.860155,7.673464,8.164254,7.653080,9.843925,9.265729,8.303747,8.470469,8.531139,8.356367,8.067609,8.169301,8.237595,8.282262,8.304094,8.321898,8.355619,8.413973,8.531199,8.889583,8.619841,7.240817,6.315899,5.344520,4.537276
9.794570,9.375084,8.215533,6.153419,6.730765,7.786258,8.274399,5.665368,0.736994,5.202568,5.927138,5.167943,4.786788,4.585408,4.266148,4.073269,4.253647,4.854910,5.268200,5.468532,5.528396,5.506125,5.873365,6.450951,7.158949,7.373180,7.540354,7.682632,7.818664,8.002721,8.081537,8.090834,8.551323,9.000819,9.250691,9.050364,8.126956,6.942106,5.767768,6.058022,6.255799,5.166697,1.455200,0.316351,2.402182,6.280207,7.522022,8.092883,8.204772,7.891456,7.940950,7.692140,7.261736,7.244946,7.404476,7.484437,7.328908,7.447414,7.474576,7.474109,7.692324,8.128726,8.040411,7.017958,6.304276,5.439012,4.660032
10.095026,10.277615,9.670238,7.855431,7.272881,7.348868,7.342823,5.568873,0.952905,5.509505,6.040024,5.971538,5.921930,5.884040,5.848955,5.781359,5.988975,6.545520,7.143878,7.408503,7.457595,7.391033,7.656955,8.132351,8.762379,9.090456,9.592974,10.067922,10.259811,10.449635,10.381057,10.121598,10.618489,10.974566,11.102673,10.844909,10.233396,9.527083,8.894645,9.264479,8.883505,8.443247,8.494712,9.356432,6.009378,0.347416,1.851016,4.092901,6.735549,9.646977,8.814808,8.152988,7.859113,7.904657,8.081863,8.154003,7.970730,8.047534,8.181098,8.327231,8.364200,8.735256,8.502760,7.158662,6.436315,5.526968,4.691379
9.778955,10.060865,9.657418,8.160630,7.613497,7.853504,7.915809,5.580505,0.753581,5.173407,5.855139,6.045179,6.275434,6.525635,6.765920,6.661556,6.899993,7.623866,8.060947,8.381003,8.569102,8.556540,8.943321,9.451685,9.999017,10.191119,10.759641,11.387169,11.706703,11.961853,12.039255,11.962966,12.108387,12.239983,12.192601,11.745552,10.935119,10.185808,9.613513,9.677379,9.391112,9.217688,9.568140,10.649082,9.187456,5.424912,1.619222,2.267649,6.145713,9.952345,9.529479,8.937028,8.491732,8.565889,8.637642,8.600419,8.374590,8.424108,8.594403,8.792084,8.729397,8.983392,8.687966,7.375039,6.642602,5.650397,4.708656
9.493718,9.580966,9.243408,8.265338,8.410707,9.207651,9.391683,5.927384,0.119637,3.802088,4.515851,5.184572,5.816539,6.375361,6.768959,6.586206,6.763196,7.497233,7.905263,8.416035,8.870701,9.013192,9.585920,10.163741,10.645857,10.808703,11.194900,11.671906,12.108765,12.261929,12.448194,12.653559,12.340084,12.244243,12.095948,11.608831,10.754251,9.840781,8.941832,8.309840,8.264648,8.078788,7.116520,7.547380,8.092661,7.934608,3.258713,1.486139,5.614297,8.518707,8.671827,8.701528,8.739011,8.696972,8.616613,8.469177,8.225868,8.300123,8.469113,8.648335,8.582427,8.771171,8.486462,7.333078,6.655011,5.649668,4.660949
9.997537,9.928460,9.769374,9.513643,10.207381,11.018188,10.826329,6.791323,1.666215,1.529240,1.869665,3.704353,5.037263,5.916894,6.271636,6.141045,6.112163,6.352924,7.203406,8.055327,8.783224,9.156750,9.818344,10.413030,10.886541,11.433696,11.553902,11.620684,12.071299,11.812145,11.753537,11.928077,11.409520,11.189776,11.085218,10.947954,10.800047,10.092574,8.822681,7.346050,7.174484,6.810451,4.972081,5.020248,5.388042,5.644589,4.226150,0.026006,3.895750,5.416088,5.309922,6.447754,8.306282,8.214967,8.045832,7.838727,7.608169,7.746685,7.906504,8.043237,8.040127,8.285473,8.027411,6.855672,6.306002,5.423789,4.530091
10.117992,10.429301,10.539765,10.258223,11.288106,11.914124,11.597622,8.819542,3.112227,1.503845,3.756946,4.350447,5.964166,7.786909,8.415176,8.178139,7.948404,7.937038,8.141611,8.301819,8.588163,9.298748,10.127304,10.957796,11.748755,12.275413,12.864118,13.439713,13.906188,13.985684,14.142169,14.405633,14.422526,14.104556,13.700084,13.430633,12.811460,12.092921,11.278591,10.192552,9.814414,9.680300,9.477033,9.237442,9.161759,8.893282,6.454423,3.625458,1.312533,0.247047,2.128841,4.512902,6.967669,10.084032,10.175406,9.367964,8.655084,8.542450,8.465273,8.421437,8.476775,8.659737,8.351642,7.203527,6.502906,5.577977,4.710428
10.385874,11.100774,11.476682,11.109864,11.745171,12.340782,12.407877,10.676333,4.616914,0.841758,4.168706,5.123453,6.539079,8.206575,9.834206,9.526802,9.151688,9.156657,9.559711,9.901019,10.370431,11.295503,12.306248,13.042712,13.480349,14.264229,14.885419,15.425298,15.955665,16.066200,16.166698,16.282175,16.096067,15.599766,15.033592,14.616147,14.131707,13.537434,12.845859,12.165065,11.445269,10.992338,11.130960,11.436457,11.666384,11.492447,9.239631,8.290550,8.494233,10.022269,6.880733,2.755295,1.845906,5.829877,8.223517,9.258505,8.798848,8.625047,8.567587,8.602142,8.693219,8.878667,8.468556,7.066623,6.472117,5.591288,4.722997
10.166044,10.931992,11.340828,10.958279,11.220379,11.636357,11.825970,10.862502,5.186140,0.016452,3.042372,3.909139,5.535196,7.612330,9.738411,9.518637,9.108256,9.031842,9.564337,10.035897,10.649663,11.757924,12.741869,13.397064,13.725704,14.358849,14.906949,15.445827,16.064791,16.190432,16.226425,16.184542,15.649889,15.028208,14.406659,13.872458,13.507143,13.049872,12.512317,12.165448,11.490668,10.878085,10.664973,10.825282,11.116720,11.241786,9.731384,9.370270,10.118981,12.213895,10.132051,6.014616,0.634777,3.649427,7.031037,8.932802,8.751058,8.517587,8.483986,8.570870,8.519495,8.651364,8.246693,6.904629,6.446062,5.608430,4.723450
9.804631,10.338750,10.589592,10.239427,10.424492,10.659960,10.747797,10.195503,5.659996,1.859970,0.236239,0.152365,2.708327,6.221538,8.826019,8.752201,8.304935,8.051319,8.573567,9.018563,9.622850,10.794442,11.614658,12.309465,12.893418,13.082010,13.615938,14.327996,15.074380,15.188601,15.227194,15.192852,14.391178,13.698124,13.102042,12.621375,12.282758,11.968946,11.692692,11.631737,11.297816,10.779047,10.096662,9.473884,9.465599,9.832063,9.155829,8.226235,7.686928,8.063028,7.615613,5.338088,1.386394,3.786230,6.822500,8.279011,8.155362,8.353522,8.502803,8.544168,8.289348,8.324451,7.986945,6.925829,6.491424,5.641857,4.728980
10.592675,11.070886,11.250362,10.829815,11.268192,11.898973,12.351056,11.733982,8.738831,6.818363,6.979915,5.712077,1.504165,4.205579,9.327875,9.133921,8.349937,8.115994,9.044042,9.788967,10.488638,11.332183,12.194613,13.026723,13.781674,14.035030,14.730178,15.651934,16.614347,16.438753,16.513201,16.868568,15.935151,15.122070,14.597297,14.618273,14.526314,14.443876,14.423080,14.721489,14.402632,13.888000,13.469337,12.749348,12.596317,12.873176,12.567252,11.653847,10.598736,9.681453,8.487108,8.278165,7.553572,0.339550,4.305228,5.935241,5.651175,8.029922,9.069662,9.028432,8.899946,8.920003,8.480893,7.243278,6.577466,5.606544,4.657039
10.603303,11.240572,11.609516,11.361716,11.613552,11.953415,12.238592,12.131337,9.119793,7.433455,8.311373,7.582374,3.212270,2.800311,7.395196,7.735262,7.566855,7.805198,9.177389,10.054447,10.883731,12.313890,13.280018,14.166883,15.007862,15.360271,16.067743,16.846848,17.376276,17.534000,17.803698,18.143833,17.551542,16.900339,16.318501,15.955847,15.570910,15.470490,15.667374,16.035671,16.044798,15.781927,15.243445,14.825661,14.598087,14.447576,13.770958,12.658716,11.381876,10.083653,8.645430,7.358193,5.801630,2.095380,0.519837,2.738225,4.864133,6.038781,7.720073,9.289084,8.474837,8.346560,7.953740,6.832813,6.316839,5.528176,4.742459
10.584754,11.286056,11.663872,11.322334,11.583960,11.888994,12.168881,12.261730,9.178792,7.574926,8.838240,9.057358,4.715355,1.884928,7.346575,7.684679,7.719840,8.569205,9.748669,10.575460,11.419277,12.836072,14.083213,14.980280,15.508219,16.004599,16.671560,17.331224,17.764341,17.927372,18.112961,18.263901,17.500198,17.011303,16.594028,16.067398,15.756112,15.636887,15.732050,16.225441,16.307819,16.115707,15.685289,15.162356,14.882448,14.703123,13.755965,12.679846,11.623980,10.693494,9.743184,8.121473,6.180335,5.450922,4.914522,3.248273,0.493159,2.817324,6.034650,9.150992,8.545461,8.295305,7.745590,6.559529,6.121328,5.407143,4.678530
10.478397,11.167931,11.537930,11.198476,11.450737,11.777612,12.079226,12.123544,8.837979,7.166556,8.603593,9.480143,5.418516,1.277974,7.344409,7.567546,7.606800,8.735509,9.543157,10.248860,11.060925,12.326720,13.707126,14.636125,15.039251,15.519342,16.114513,16.739992,17.302664,17.410086,17.507936,17.559860,16.670340,16.293123,16.019848,15.474414,15.277792,15.264864,15.437895,15.953831,15.987473,15.789016,15.499578,15.053361,14.842803,14.717097,13.736097,12.721217,11.821344,11.163813,10.589106,9.151434,7.359044,7.451839,8.078114,7.560746,4.757213,0.180897,4.944469,9.350257,8.707963,8.396323,7.786571,6.553819,6.153933,5.403052,4.603353
10.318853,10.961475,11.421806,11.385160,11.462768,11.687653,11.906938,11.776348,8.151369,6.260601,7.682675,8.414733,4.880316,0.925983,6.173400,6.506020,6.583272,7.455116,8.100100,8.725276,9.521631,10.833592,12.025951,13.062503,13.898569,14.160712,14.687128,15.376580,16.160587,16.367607,16.588186,16.813236,16.192316,15.820628,15.470704,14.921818,14.623830,14.855833,15.525783,15.843990,15.827351,15.634741,15.347900,15.509096,15.544886,15.353108,14.613377,13.547228,12.408291,11.349821,10.478884,9.317924,7.952823,6.801050,6.744529,7.289321,8.280698,1.861837,4.933985,10.309077,8.603871,8.323743,7.972126,6.870240,6.434033,5.557957,4.610033
10.897854,11.515060,11.877039,11.647429,11.799788,11.992823,12.103838,11.830824,8.553450,6.674359,7.506791,7.363179,3.887286,1.585038,7.325478,7.506083,7.584812,8.769274,9.266935,9.961256,10.736063,11.446904,12.792887,14.025302,14.995469,15.701357,16.298794,17.020138,18.190308,18.309534,18.631033,19.144138,18.100292,17.429647,16.881451,16.242968,16.002626,16.090179,16.418100,16.478405,16.272703,15.966464,15.667668,15.798719,16.092688,16.388762,15.970965,15.141573,14.028919,12.652174,11.827398,10.685834,9.255301,7.785052,7.478795,8.001254,9.328886,2.775638,4.655421,10.762007,8.553133,8.499463,8.460816,7.483860,6.341497,5.270521,4.451642
10.518235,11.245248,11.792641,11.816862,11.987076,12.130825,12.260996,12.401970,8.756402,6.501254,7.194264,7.574441,3.887519,2.114323,8.056957,8.374389,8.341116,9.133911,9.460185,9.882798,10.505008,11.550771,12.979517,14.210041,15.162053,16.293739,17.024549,17.644848,18.471313,18.474731,18.608418,18.884195,18.147024,17.730694,17.374210,16.835165,16.684999,16.850166,17.228951,17.219219,17.081444,16.978167,17.052288,16.939272,17.205399,17.712242,17.537115,16.550764,15.224781,13.795725,13.221259,12.355084,11.191915,9.908660,9.114110,9.149656,10.363587,3.753145,3.596221,9.574967,7.498609,7.877788,8.142159,7.127092,6.133371,5.226114,4.545748
10.402926,11.197536,11.814163,11.885474,12.088007,12.260448,12.456726,12.805512,8.890426,6.368155,6.971820,8.402477,4.967902,1.256626,7.476191,7.780193,7.725976,8.558350,8.988136,9.412466,9.948000,10.807467,12.297969,13.513806,14.350178,15.743969,16.614717,17.220579,17.787003,17.816210,17.860264,17.935169,17.458147,17.279486,17.075066,16.512781,16.418474,16.501451,16.682236,16.663643,16.639570,16.677197,16.848688,16.591215,16.740898,17.223057,17.344139,16.508614,15.301570,14.028318,14.048383,13.607041,12.678654,11.453009,10.534147,10.522781,11.924593,6.644851,0.112250,6.334125,5.697263,7.271729,8.117022,6.812230,6.062856,5.263133,4.590851
10.533390,11.328424,11.890658,11.828885,12.047767,12.253242,12.469234,12.752822,8.612203,5.872343,6.346655,8.618311,5.783702,0.143399,6.586831,6.747867,6.681195,7.730597,8.102464,8.596643,9.154163,9.709603,11.172046,12.451120,13.392892,14.735414,15.685142,16.369108,16.852634,17.007242,17.067066,17.037687,16.672411,16.552118,16.325335,15.607542,15.459574,15.342845,15.216863,15.224757,15.280854,15.332730,15.336226,15.145679,15.201824,15.491484,15.796295,15.306793,14.464001,13.480700,13.997251,13.874879,13.064697,11.700500,10.795328,10.991126,12.853706,9.270614,3.253169,3.215578,3.956795,6.805542,8.307362,6.720356,6.171760,5.371392,4.585262
10.282097,11.052827,11.619946,11.612981,11.743896,11.807443,11.867927,12.068352,7.257471,4.003079,4.336771,6.329095,3.865870,1.439256,7.650364,7.791845,7.473666,7.907969,7.134431,7.098393,7.764990,9.329945,10.530452,12.023496,13.832715,14.624013,15.498801,16.255110,16.606880,16.824575,16.829428,16.629402,16.419077,16.162630,15.707488,14.839398,14.429014,14.259400,14.282812,14.364120,14.424967,14.433628,14.349669,14.480526,14.573466,14.614335,14.631550,14.135487,13.460077,12.787321,12.837805,12.521117,11.739688,10.231334,8.774158,8.650732,10.823760,6.806416,1.107367,4.360255,3.618209,6.311174,8.037194,6.687618,6.406513,5.605628,4.671829
11.117703,11.721306,12.137157,12.062400,12.127983,12.369538,12.699237,12.949576,8.015543,4.187616,3.417132,5.035816,2.849458,1.928246,8.001333,8.218610,8.056496,8.700656,8.203623,8.425318,9.184834,10.402569,12.197148,13.973789,15.563711,16.340206,16.846523,17.332624,18.096375,18.053164,17.828243,17.524317,17.235468,17.168310,17.071451,16.684277,16.390377,16.222216,16.192165,16.368912,16.333204,16.349239,16.648079,16.892191,16.998661,16.940802,16.584959,16.266962,15.828662,15.135270,15.400699,15.122832,14.188338,12.319052,10.856855,10.475942,11.756001,8.203927,3.075074,2.046137,2.209337,6.434302,9.083507,7.406431,6.595207,5.571812,4.629529
10.944016,11.536175,12.025866,12.150040,12.065788,12.242924,12.638924,13.231158,8.230381,4.367049,3.712030,5.163332,2.479833,2.551700,7.505834,7.478410,7.218917,7.757730,7.337147,7.728061,8.692823,10.080099,11.717083,13.517066,15.374035,16.170391,16.696489,17.213268,18.035639,18.164980,18.121704,17.971834,17.627289,17.632841,17.645330,17.323740,16.875509,16.564669,16.418163,16.426121,16.220247,16.102833,16.346334,16.576601,16.770451,16.873507,16.596107,16.276306,15.940234,15.601615,16.037914,15.769054,14.759070,13.022918,11.389902,10.737760,11.738517,7.716213,2.812442,1.711891,1.980492,6.210053,8.902386,7.374893,6.440281,5.485025,4.704081
10.578839,11.198896,11.699829,11.801441,11.751064,11.930107,12.326678,12.986311,7.790535,3.966161,3.728974,5.266093,2.270842,2.957329,7.018725,6.665243,6.303689,6.890491,6.578268,7.115035,8.188683,9.524093,10.892267,12.561284,14.497175,15.565269,16.282494,16.864004,17.526314,17.715994,17.838451,17.909061,17.539400,17.581924,17.590904,17.110216,16.543522,16.036282,15.635617,15.551898,15.272620,15.051830,15.114119,15.251132,15.505166,15.792415,15.665527,15.269425,14.913621,14.815715,15.311452,15.079475,14.162495,12.877541,11.295072,10.505337,11.260595,7.575287,2.728833,2.024598,2.819336,6.268155,8.307609,6.914637,6.134812,5.346431,4.705851
10.577453,11.211222,11.560598,11.270987,11.477758,11.863782,12.308670,12.562300,6.888284,2.806398,2.639452,4.581585,1.968717,2.989521,7.096683,6.580113,6.265042,7.197615,7.109466,7.789804,8.777093,9.492881,10.834999,12.303823,13.806294,15.324417,16.200224,16.744795,17.225748,17.145588,17.198551,17.410301,17.083662,17.173906,17.165482,16.512211,16.017654,15.396610,14.734587,14.815182,14.617845,14.399363,14.364605,14.412972,14.646597,14.957208,14.752538,14.312486,13.913374,13.750649,14.160110,13.994047,13.313168,12.511376,11.317728,10.602062,10.934623,8.780525,3.807445,2.309377,4.253454,6.902874,8.055177,6.505218,5.957006,5.250099,4.590225
10.773107,11.562918,12.094761,11.965979,11.955720,12.371278,12.965451,13.243825,6.603473,1.735648,1.349222,4.261196,1.988601,3.084493,7.604546,7.463479,7.222907,7.876098,7.664752,8.313244,9.226001,9.610168,10.635185,11.848950,13.142962,14.183864,14.973708,15.658076,16.378901,16.501682,16.645342,16.865587,16.835894,16.908518,16.829794,16.299080,15.762278,15.469378,15.443866,15.672018,15.440837,15.117766,14.978918,15.194029,15.404987,15.470896,14.790918,14.482099,14.436172,14.642649,14.814536,14.539811,13.842996,12.815206,11.606717,11.087498,11.868801,8.425380,2.372152,4.200278,4.616491,7.433864,8.945097,7.301448,6.607686,5.673626,4.787075
11.263476,11.868176,12.290546,12.229356,12.262423,12.743023,13.414642,13.766127,6.364717,0.113850,2.941022,0.330246,1.059269,3.959318,7.667936,7.568823,7.317952,7.751818,8.234235,9.187286,10.228116,10.818098,11.776992,13.016002,14.501348,15.915216,16.429127,16.718363,17.530319,17.646090,17.775509,18.001726,18.118055,18.156590,17.970469,17.343126,16.799965,16.511835,16.497505,16.773193,16.471474,16.027702,15.759815,16.158718,16.743891,17.241161,16.423309,16.293791,16.266472,15.971551,15.873493,15.439457,14.690211,13.758180,12.455686,11.891329,12.816867,7.980145,0.709803,6.524782,5.806297,8.277763,9.645266,7.828093,6.826938,5.696780,4.714791
10.927508,11.384089,11.740320,11.785257,11.833100,12.281157,12.964598,13.592340,5.691668,1.482420,5.032129,2.759679,3.271661,5.444572,7.818403,7.408564,6.956336,7.122669,7.933743,9.004754,10.132092,11.032704,11.931738,13.086027,14.534665,16.044050,16.619381,16.953878,17.811367,17.869860,18.009703,18.317633,18.388618,18.255999,17.891798,17.196203,16.808781,16.613823,16.587301,16.672138,16.253223,15.725417,15.382595,15.505876,15.999756,16.614944,16.123341,16.025011,15.892343,15.429771,15.435301,15.095489,14.421264,13.566892,12.297651,11.844499,13.041487,7.858651,0.223918,7.234394,6.091624,7.823590,8.874513,7.555898,6.567602,5.562643,4.745533
10.338746,10.819080,11.208790,11.292555,11.351300,11.776025,12.472479,13.319728,5.163850,1.927542,4.828123,2.647129,3.723595,6.354522,7.987033,7.316505,6.722281,6.785583,7.536963,8.445222,9.438913,10.441835,11.201129,12.184650,13.473214,14.859202,15.594757,16.133627,16.962629,16.977594,17.146156,17.535564,17.450218,17.127577,16.628674,15.959846,15.761134,15.666834,15.616487,15.492318,15.038527,14.538538,14.212122,13.920021,14.079137,14.557137,14.544347,14.381169,14.141809,13.858085,14.078278,13.891954,13.317806,12.551673,11.364837,11.053800,12.500168,8.240579,0.729026,7.173155,6.262527,7.051566,7.597927,6.998421,6.244526,5.455320,4.803829
10.661365,11.408233,11.908671,11.782805,11.962060,12.559773,13.361889,13.956798,5.716000,1.280881,3.896973,1.505404,2.362860,5.112866,7.952881,7.652830,7.359972,7.802749,8.428385,8.926726,9.399660,9.989787,10.486325,11.369860,12.717492,14.178212,14.676793,14.891720,15.554420,15.591825,15.762113,16.098406,15.884726,15.557147,15.133294,14.600900,14.395837,14.175432,13.938813,13.941565,13.713465,13.433251,13.233188,12.995438,13.161302,13.631476,13.754084,13.569608,13.338853,13.226165,13.272329,12.933152,12.293709,11.759292,10.524961,10.093019,11.443870,9.212660,1.453174,8.206160,7.943202,7.854029,7.619092,7.074122,6.479036,5.573965,4.678197
10.894186,11.663740,12.197064,12.108894,12.143603,12.650117,13.351493,13.692069,4.527427,3.399773,6.706816,3.307835,3.853789,6.732858,9.832938,9.742805,9.535146,9.889868,9.863607,9.953751,10.233392,10.878007,11.489778,12.605820,14.272159,15.594568,16.208107,16.558138,17.098738,17.532099,17.826820,17.960583,17.795750,17.306807,16.665066,15.994426,15.584938,15.222154,14.898088,14.727257,14.429269,14.052326,13.614142,13.548373,13.807694,14.309443,14.692578,14.574731,14.283776,13.999101,14.058596,13.931167,13.597661,13.053100,11.519878,11.112592,13.210542,9.104916,0.254929,9.632572,8.598991,8.360341,8.094026,7.428668,6.928080,5.934888,4.866976
11.168319,11.732154,12.085303,11.930226,12.063824,12.656441,13.414667,13.736300,4.616199,3.497120,7.296996,3.738986,3.828520,6.123874,8.777777,9.180106,9.497472,10.200248,10.469891,10.602787,10.758904,11.184409,12.028315,13.359979,15.130889,16.402388,16.831083,17.053160,17.774426,18.171587,18.353010,18.350595,18.322525,17.934559,17.363884,16.730953,16.295813,15.812729,15.304264,15.106606,14.887623,14.544846,13.959997,14.139247,14.669879,15.409124,15.839329,15.933927,15.618320,14.745189,14.862994,14.840531,14.554239,13.696346,12.373474,12.275767,14.568686,9.719265,0.344162,9.734242,8.200874,8.079741,8.007320,7.382038,6.835764,5.821642,4.751024
11.003600,11.446548,11.715285,11.572032,11.653633,12.222775,12.996602,13.409525,4.861499,2.845487,6.615892,3.516272,3.547518,5.408270,7.374104,7.796447,8.221841,8.982950,9.373699,9.569650,9.753471,10.192644,11.074942,12.383972,14.060801,15.265091,15.605991,15.804047,16.689352,16.970137,17.069597,17.074539,17.204807,16.965319,16.559414,16.138790,15.618638,15.026868,14.424661,14.196356,13.949500,13.640668,13.217099,13.518880,14.192765,15.082376,15.574533,15.710175,15.321815,14.172739,14.304923,14.288726,13.981452,13.060806,11.931895,11.973929,14.171112,9.145979,0.149663,9.264657,7.671249,7.676327,7.723242,7.123175,6.570995,5.651803,4.712846
10.531079,11.107697,11.482498,11.354291,11.216416,11.612700,12.268757,12.656195,4.728111,2.240160,5.346690,3.066752,3.542674,5.472465,6.998024,6.884997,6.889607,7.387058,7.408255,7.568322,7.930237,8.658818,9.384750,10.510530,12.064000,13.287722,13.787494,14.140787,15.002122,15.207184,15.309034,15.399105,15.559717,15.408446,15.140981,14.916915,14.152035,13.447578,12.894621,12.649858,12.222206,11.887190,11.896481,12.158858,12.740078,13.549531,14.132010,14.031316,13.523587,12.698040,12.703198,12.601031,12.312267,11.686005,10.442060,10.233187,12.167480,7.365455,0.728277,9.035399,7.683464,7.619354,7.551368,6.902206,6.400079,5.619347,4.839390
11.214385,12.177451,12.571048,11.795547,12.020710,12.534509,13.001521,12.654950,4.546596,1.961346,3.967879,2.442499,3.166465,5.225556,7.425946,7.443263,7.829175,9.113485,9.411189,9.889062,10.421011,10.838519,11.842160,13.360726,15.354537,17.293747,17.945953,18.160585,18.825603,18.708082,18.536497,18.391270,18.024977,17.947281,17.754122,17.005610,15.947616,15.090156,14.544264,14.682271,14.271629,13.897399,14.049652,14.358270,14.828963,15.387283,15.661278,15.291240,14.794064,14.487087,14.034054,13.750818,13.523253,12.817264,11.135880,10.380872,11.776019,8.193315,0.541202,10.499580,8.854370,8.290639,7.886555,7.254181,6.545501,5.580554,4.666393
11.346524,12.220172,12.635910,12.077682,12.503357,13.178605,13.738857,13.329458,4.673419,2.384753,4.766212,2.414287,2.782848,4.822271,7.210598,7.355003,7.694987,8.747569,9.060423,9.489449,9.894754,10.059870,11.130971,12.791459,14.918356,16.527309,17.260622,17.757597,18.717834,18.695412,18.540287,18.383221,18.262896,18.149023,17.686575,16.412357,15.573065,15.117119,14.994527,14.940076,14.666282,14.431899,14.460109,14.336262,14.587228,15.147260,15.501743,15.224613,14.940711,15.068475,14.826172,14.734494,14.721657,14.385499,12.471541,11.520613,13.114494,8.554178,0.400092,10.083241,8.619390,8.109969,7.746245,7.188713,6.636134,5.717462,4.779676
11.581244,12.245504,12.586768,12.224202,12.602903,13.142691,13.587680,13.333307,4.796074,2.349214,5.081215,3.007019,3.112829,4.632660,6.670471,6.875798,7.191920,8.038349,8.438482,9.133866,9.715077,9.532828,10.325361,11.819395,13.886233,15.327650,15.982777,16.525562,17.739574,17.868254,17.736324,17.508411,17.563601,17.435623,16.816534,15.245961,14.498429,14.288239,14.484563,14.470443,14.283477,14.130371,14.190097,13.963742,14.174326,14.747436,15.046922,14.711174,14.390996,14.527552,14.781201,14.703921,14.387319,14.256347,12.713866,11.597782,11.999921,5.871113,2.540316,10.398947,8.510734,8.071881,7.810171,7.183815,6.644920,5.718890,4.763175
11.523209,11.985527,12.129709,11.649875,11.899103,12.432751,12.942951,12.732387,4.634424,2.320606,5.325834,3.998570,4.143255,5.226948,6.610415,6.614138,6.822005,7.590248,8.246030,9.258326,10.091020,9.883266,10.374103,11.585123,13.461197,14.992146,15.649998,16.156897,17.342180,17.445007,17.245253,16.920876,17.029522,16.806515,16.093863,14.581605,13.912735,13.785561,14.072050,14.186620,14.001420,13.844118,13.991279,13.834061,14.088778,14.686732,15.020649,14.687490,14.270198,14.140698,14.626231,14.222973,13.243401,13.193625,12.342216,11.184486,9.933064,2.559155,4.944355,10.696034,8.541718,8.169413,7.953130,7.190001,6.596357,5.669875,4.743121
10.596736,10.953273,10.742631,9.589890,9.903814,11.063584,12.269072,11.743383,3.852791,3.053479,6.365357,5.091020,5.628985,7.017921,7.807387,7.187105,7.036405,7.804580,8.906052,9.874317,10.672604,11.186300,11.755187,12.813151,14.427861,16.198389,17.198027,17.855844,18.579706,18.314901,17.921360,17.574301,17.684610,17.178230,16.319632,15.263983,14.892370,14.807641,14.920115,14.954520,14.685040,14.461423,14.583281,14.342233,14.549506,15.194352,15.946480,15.988882,15.720581,15.336180,15.253843,14.178944,12.585419,12.612551,12.190728,11.123054,9.176264,1.757195,4.967138,9.740663,8.466547,8.211645,7.908969,7.075051,6.527112,5.712675,4.911525
8.745335,8.999426,7.741502,4.236746,5.925742,7.115045,7.822658,7.929123,1.180292,4.430368,6.462845,6.248980,6.278915,6.718873,8.016209,7.358309,7.262107,8.311848,9.495049,10.589181,11.440854,11.736416,12.521315,13.513634,14.726147,16.853777,17.703234,18.018904,18.528330,18.439770,18.309752,18.200272,17.927212,17.626080,17.062574,15.920982,15.770781,15.704877,15.645589,15.772795,15.483158,15.339034,15.842033,15.635348,15.558937,15.683535,16.043175,16.265209,16.357803,16.295805,15.798729,15.245346,14.648634,13.959942,10.794501,7.025811,3.565716,1.534020,6.323671,9.795156,8.398221,8.080602,7.778815,7.020373,6.420319,5.530878,4.657747
8.871968,8.916996,7.540465,4.120438,5.489085,6.325532,6.671683,6.458748,1.230473,7.370158,9.187468,8.352292,8.043158,8.254438,9.159509,8.202036,7.811330,8.524115,8.869263,9.597380,10.479792,11.230675,12.019917,13.033207,14.330654,16.099234,16.837358,17.156034,17.658695,17.801212,17.654514,17.284952,17.206013,16.966049,16.525764,15.783699,15.504468,15.240314,14.974884,14.942749,14.794266,14.774148,15.118631,15.029385,14.982032,15.048341,15.412143,15.671760,15.694534,15.335198,14.743529,14.106024,13.459079,12.906022,9.301821,4.398404,1.093991,3.751070,6.768972,9.351513,8.343961,7.967867,7.583864,6.905319,6.382739,5.471314,4.525980
9.965468,9.626987,8.606303,6.738776,7.545085,7.750195,7.620131,7.639529,1.151906,8.336397,10.705188,9.458262,9.174127,9.318906,9.071691,8.297734,8.153444,8.858861,8.715660,9.085241,9.832715,10.890574,11.713956,12.818972,14.274577,15.600311,16.133354,16.436682,17.119099,17.318663,17.090387,16.562269,16.817858,16.621923,16.252199,15.932510,15.596786,15.191470,14.801782,15.036409,15.195571,15.238511,15.099677,14.851582,14.752628,14.835756,15.192763,15.383279,15.325960,14.907431,14.378976,13.175508,11.696757,11.662313,8.199429,2.436855,5.451226,6.258819,7.508416,8.856880,8.342288,8.027740,7.553411,6.734982,6.258257,5.340895,4.361304
11.014618,10.499676,10.111363,10.100451,10.718371,10.439784,9.946659,10.695244,1.532115,6.366534,9.583197,8.939357,9.176741,9.348229,7.705788,7.619446,8.319629,9.558840,9.428945,9.641615,10.150700,10.991991,11.889000,13.038548,14.438045,15.502213,15.788588,15.983436,16.892368,16.899668,16.631107,16.277378,16.704546,16.580799,16.291628,16.171185,15.907001,15.481576,15.078266,15.930782,16.469250,16.556826,15.956654,15.355704,15.124113,15.245732,15.541345,15.630960,15.598113,15.469946,14.962955,12.961342,10.272923,10.332609,6.914186,0.589985,8.888769,8.702717,8.485458,8.463017,8.373985,8.228625,7.700165,6.585960,6.053518,5.139905,4.194571
10.380677,11.093811,11.628512,11.652769,12.392461,12.883536,13.124894,13.031216,4.376237,3.118035,6.504184,7.419571,8.821929,9.629395,7.661901,7.888449,9.074114,10.803036,10.018164,10.204819,10.732611,10.783963,11.514452,12.338593,13.158406,14.106565,14.424330,14.663183,15.468711,15.102464,14.868471,14.935080,15.046392,14.992758,14.823509,14.552111,14.110835,13.624292,13.255463,14.001526,14.711390,15.082750,14.774032,14.319173,14.373671,14.895708,15.468592,15.596527,15.490599,15.237307,14.338210,11.865623,8.410563,6.388254,3.158326,1.708690,8.765871,8.308854,8.001266,8.040632,8.334967,8.285263,7.772307,6.674253,5.985326,5.114227,4.313200
9.965594,12.027677,13.419398,13.084496,12.446152,12.207098,12.213798,12.203900,4.457772,2.450054,5.942122,7.636278,7.373889,6.021662,4.773437,6.638976,9.961040,14.055841,12.475799,12.928411,13.875653,13.203832,13.991158,14.534199,14.602515,15.448413,15.996620,16.628302,17.836138,17.323051,17.071775,17.262077,16.837931,16.744843,16.601717,16.011923,15.661066,15.458230,15.477718,16.301218,16.522202,16.525200,16.565475,16.353981,16.141972,16.030060,16.448589,16.319271,15.399520,13.339034,13.246807,12.227036,9.638547,3.116308,2.217271,6.512343,9.650225,9.098407,8.779840,8.744473,8.804810,8.827932,8.337480,7.044700,6.111617,5.089404,4.218518
9.949935,12.033709,13.527655,13.395865,12.106650,11.292063,10.996887,11.493722,5.649070,0.407516,4.824148,6.336975,5.728002,3.959925,2.376948,4.791358,8.303075,12.059352,12.256934,13.330758,14.211151,13.238676,13.745532,14.216397,14.433643,15.283694,15.638007,16.073030,17.318520,17.232597,17.166319,17.250679,16.856758,16.942963,16.899889,16.078016,15.734062,15.576095,15.626678,16.276697,16.626110,16.723442,16.538866,16.677080,16.641760,16.437212,16.272886,16.045597,14.767323,11.524961,11.322241,10.830395,8.689820,0.355658,5.264510,8.040194,9.369606,8.971076,8.758763,8.731197,8.723990,8.709960,8.263625,7.130980,6.273177,5.240937,4.315680
9.901864,11.249265,12.336115,12.540936,11.291898,10.299848,9.776699,10.352611,6.788148,2.567470,1.234308,1.812441,1.759888,0.963390,1.045795,0.672561,3.051966,5.442683,8.695078,11.222834,12.514618,11.374213,11.390843,11.808719,12.527936,13.908190,14.239162,14.354376,15.197096,15.540185,15.606206,15.468778,15.505197,15.701709,15.645495,14.845324,14.572273,14.506130,14.608534,14.884040,15.423410,15.694762,15.187636,15.536158,15.828905,15.867790,14.979192,14.556885,13.387103,10.476905,8.733838,7.040079,4.276000,4.203082,7.120142,8.087063,8.709402,8.530380,8.447190,8.461886,8.509974,8.512357,8.127621,7.145990,6.438486,5.434286,4.464427
9.496446,10.178371,10.755369,10.922313,10.065510,9.315075,8.705998,8.363543,6.686579,5.618769,5.769138,6.409142,5.935437,5.449222,6.951488,6.858536,5.844368,3.861716,1.708833,6.480311,9.389843,8.200148,7.736651,8.065334,9.289468,12.122679,13.265229,13.539772,13.656693,13.866648,13.795845,13.507550,14.067675,14.045359,13.718010,13.268362,13.273040,13.623404,14.167667,13.996385,14.180388,14.273694,13.885313,14.053927,14.417917,14.635056,13.060760,12.114104,11.384564,10.647636,5.793223,1.027299,3.509568,8.188591,9.150629,8.919116,8.648476,8.568159,8.540400,8.561666,8.649966,8.850029,8.532445,7.339516,6.585068,5.527746,4.510939
10.050649,11.066746,11.794067,11.725545,10.959316,10.346263,9.948853,9.978547,8.901628,8.756841,10.134406,10.038917,10.005459,10.376630,11.919112,12.420484,12.335238,11.646934,8.817149,6.098521,3.535054,1.246898,1.862855,0.033002,5.101342,10.452696,13.465147,14.838520,14.873846,14.825005,14.988591,15.410116,16.074352,16.091286,15.795485,15.424461,15.547871,15.995259,16.578758,16.191856,16.235916,16.432722,16.596210,16.070383,16.073092,16.052130,12.597135,11.456578,11.371614,11.746096,3.295592,3.062116,6.969480,8.938364,9.215345,9.009096,8.889703,8.840893,8.822029,8.814291,8.762395,8.897433,8.592690,7.503206,6.653660,5.643202,4.743037
10.290036,11.626647,12.603634,12.565955,11.860497,11.280943,10.874420,10.803890,10.338257,10.646272,12.063780,12.167056,12.477325,13.048992,14.073378,14.427804,14.601236,14.625175,13.205606,11.143689,8.622034,5.750285,5.717549,3.374570,2.341363,11.245134,14.687603,15.363760,15.626763,15.063997,15.246516,16.263636,16.760706,16.826288,16.515150,15.765144,16.040340,16.526636,16.984550,16.444637,16.351158,16.489771,16.748753,16.215809,16.129242,15.999416,12.727907,11.927473,11.421199,9.815413,0.607189,6.979561,9.306262,9.653553,9.368932,9.019261,8.903212,8.889110,8.884917,8.865432,8.751956,8.965387,8.721057,7.600813,6.747794,5.686471,4.719343
10.150935,11.353545,12.264511,12.310414,11.871490,11.414438,11.015043,10.862151,10.568321,10.787118,11.702610,11.636542,11.968747,12.483831,12.854065,12.937880,12.972702,12.997382,12.746534,11.278529,9.112681,6.775646,6.284415,4.182805,0.362391,8.605551,12.332044,13.552296,13.872684,13.757859,14.188613,15.162960,15.326079,15.338477,15.102687,14.444207,14.634929,14.988948,15.317555,14.890643,14.717240,14.667974,14.671013,14.118381,13.793449,13.413092,11.149855,10.249804,9.015082,6.225124,3.263144,8.249509,9.123835,9.129189,8.914251,8.735625,8.741253,8.750124,8.718511,8.652320,8.566051,8.754930,8.522754,7.496307,6.768591,5.730148,4.724982
10.079051,10.822164,11.394006,11.446351,11.386484,11.137424,10.829540,10.735305,10.295890,10.150066,10.469053,9.899132,10.020336,10.380980,10.242968,10.228045,10.073854,9.769246,10.362644,9.777958,8.571051,7.349587,6.962216,5.301519,1.996204,1.988793,5.409194,7.841618,8.437387,10.153896,11.627562,12.583374,12.442399,12.402175,12.450886,12.604309,12.749643,12.896244,13.015656,12.909433,12.711649,12.451568,12.135973,11.307533,10.376471,9.345352,8.026381,6.683492,4.785552,1.844058,4.949638,7.919477,7.710449,8.015807,8.247163,8.447966,8.636162,8.632623,8.552963,8.445344,8.450058,8.525826,8.226878,7.298679,6.733554,5.769935,4.776243
11.141956,11.746324,12.133356,11.986678,12.018707,11.902502,11.739261,11.740026,11.475651,11.361059,11.509287,11.203174,11.264435,11.426058,11.237194,11.484721,11.671689,11.687802,11.765779,12.110479,12.631175,13.254933,13.598157,11.487740,6.874497,5.162185,4.653875,4.040950,1.693221,3.222553,7.462837,10.348906,10.300984,10.529817,11.231333,12.748153,13.726614,13.900159,13.431905,13.557475,13.341850,13.067505,12.949988,11.585319,9.516958,7.063531,5.563290,4.423568,2.184199,2.396822,8.394470,10.352670,9.128098,8.755049,8.822291,8.986295,9.077168,8.984164,8.922760,8.911725,9.004769,9.106246,8.668009,7.365386,6.761152,5.739288,4.686443
10.825726,11.635168,12.193104,12.091189,11.956107,11.786733,11.628068,11.584481,11.477101,11.451037,11.545372,11.419570,11.457764,11.549129,11.510582,11.747723,11.898912,11.881009,11.858921,11.790857,11.888323,12.524277,12.696041,11.924087,10.248935,9.641029,9.699800,9.715385,8.808054,3.773398,0.855783,4.389470,6.802566,8.216105,9.797577,12.766595,13.428800,13.647838,13.705106,14.028319,13.740563,13.402902,13.461886,11.963110,9.785496,6.997299,3.444852,1.339164,0.826968,4.080991,8.789729,10.272790,9.226833,9.006571,9.101519,9.188959,9.090236,8.992874,8.865775,8.771398,8.932260,9.027865,8.630530,7.476285,6.830416,5.842103,4.858522
10.754443,11.611327,12.100247,11.744315,11.575737,11.376254,11.211041,11.237458,11.115721,11.046678,11.084199,10.907918,10.918100,10.984557,10.890065,11.036741,11.077441,10.942470,10.989522,10.796707,10.675924,11.116537,11.137293,11.073048,11.009265,11.228612,11.369485,11.338211,10.962655,7.062601,2.722578,1.448792,4.152443,6.189220,8.106175,10.413166,11.662486,12.599861,13.360344,14.255110,13.546209,12.807053,13.320235,10.938953,9.060369,7.377373,2.828680,0.647098,3.537889,6.033064,8.768711,9.521725,8.788048,8.770391,8.939103,9.042047,8.928016,8.883833,8.816300,8.769597,8.908388,9.034590,8.637098,7.410146,6.742030,5.756854,4.789437
10.767838,11.581572,11.970788,11.450105,11.311030,11.101202,10.918181,10.989377,10.793680,10.677169,10.734097,10.486170,10.504388,10.590452,10.407174,10.509923,10.493443,10.281886,10.382614,10.248529,10.132850,10.418763,10.345679,10.399937,10.673690,11.092991,11.220613,11.125903,10.818518,8.686473,5.619467,1.964793,0.327782,2.377517,4.164045,5.585318,7.296458,8.941207,10.391997,11.058341,11.030120,10.840319,10.881586,8.300663,6.876222,6.106202,1.837564,2.328179,5.660518,7.470923,8.660438,8.889492,8.457330,8.513061,8.695267,8.803675,8.714014,8.685010,8.674050,8.696934,8.821368,8.971846,8.564505,7.256046,6.629468,5.651073,4.669305
10.759053,11.531737,11.963172,11.619652,11.509509,11.286602,11.059731,11.071243,10.836024,10.762781,10.965310,10.773109,10.854194,10.994132,10.823174,10.998804,11.039973,10.848119,10.871412,10.785761,10.757918,11.056326,10.940171,10.771645,10.617253,10.461533,10.699954,10.961870,10.803451,10.390518,9.507504,8.087730,5.884755,4.403115,3.070908,1.362613,0.075689,1.618968,3.405493,2.556753,4.893728,6.790810,5.151717,3.832670,2.764159,1.618715,1.287469,4.660546,7.243871,8.005586,8.747195,8.938766,8.714193,8.647441,8.736956,8.778893,8.652104,8.535450,8.475412,8.492951,8.675999,8.820747,8.416128,7.152587,6.605725,5.650805,4.656800
11.434413,12.251143,12.673332,12.229253,12.250959,11.941537,11.575547,11.749135,11.454440,11.387072,11.740790,11.504125,11.594616,11.744072,11.484895,11.679959,11.688032,11.378804,11.376365,11.120776,10.945114,11.373036,11.303240,11.158847,10.996750,10.561202,10.838614,11.261836,11.188716,10.886911,10.588998,10.401606,10.945070,10.772997,10.061211,8.818042,7.623582,6.924994,6.763298,7.112282,4.838337,2.495880,2.161836,3.758037,5.021420,5.990600,7.811568,9.108973,9.921361,10.159736,9.878563,9.630887,9.450733,9.363377,9.488482,9.588889,9.529593,9.301632,9.172913,9.164234,9.350739,9.561627,9.075529,7.467126,6.621568,5.563183,4.593069
11.180652,12.193319,12.811875,12.491645,12.401253,12.037360,11.684430,11.983221,11.671152,11.527658,11.768250,11.439093,11.571167,11.772493,11.353658,11.471954,11.428929,11.093159,11.279714,11.154933,11.004624,11.244968,11.133500,11.026913,10.962248,10.566317,10.662684,10.871362,10.767027,10.756510,10.566330,10.296903,11.194437,11.192654,10.878843,10.743453,9.834688,9.634347,10.150654,10.360966,9.497458,8.343436,7.461328,8.070680,8.571798,8.952941,9.838617,10.149133,10.184717,10.082061,9.975300,9.880104,9.795254,9.714578,9.702150,9.681738,9.609937,9.438330,9.285073,9.191746,9.302197,9.476686,8.978219,7.378066,6.560198,5.583353,4.708080
10.843132,11.855758,12.396147,11.887409,11.972928,11.702825,11.393071,11.738182,11.359107,11.176831,11.449740,11.168708,11.278967,11.386958,10.775191,10.928243,10.925913,10.589028,10.825896,10.750278,10.635166,10.872746,10.742646,10.600087,10.487584,10.106914,10.138020,10.268068,10.149095,10.206263,10.033033,9.697535,10.345137,10.335155,10.179535,10.345023,9.755757,9.836171,10.563055,10.743081,10.470879,9.958985,9.315578,9.391790,9.468112,9.523464,9.763181,9.663433,9.456321,9.272417,9.361845,9.409615,9.395705,9.297052,9.262569,9.247904,9.232539,9.057733,8.888348,8.773870,8.877960,9.077672,8.621236,7.075804,6.335159,5.449123,4.654012
10.777056,11.827687,12.312986,11.603751,11.903192,11.769916,11.526383,11.858234,11.436138,11.255304,11.600361,11.468221,11.543691,11.510957,10.756693,10.968539,11.035615,10.729053,10.883161,10.738682,10.604885,10.945606,10.850815,10.641069,10.365545,9.927303,9.982581,10.167493,10.082173,9.989020,9.801250,9.577783,9.952585,9.996061,9.861119,9.645304,9.282565,9.444572,10.071180,10.285868,9.837210,9.325611,9.226302,9.304051,9.401964,9.476954,9.370451,9.253025,9.119880,8.964063,9.089146,9.165025,9.169597,9.072327,9.097753,9.170591,9.258684,9.047246,8.867179,8.757177,8.830636,9.012583,8.550676,7.013639,6.287795,5.377203,4.540761
11.211574,12.926552,14.147205,14.026512,13.869255,13.667380,13.557154,13.874196,13.609129,13.416380,13.484875,13.435237,13.600620,13.648879,12.933821,12.969727,12.966730,12.762372,12.885562,12.675927,12.434278,12.596818,12.591861,12.404110,12.029865,11.540365,11.497234,11.616014,11.604517,11.356187,11.047802,10.767261,11.052233,11.186846,11.135924,10.806713,10.427899,10.382385,10.669883,11.022168,10.791455,10.533871,10.698271,10.615490,10.741033,10.994146,10.778651,10.925668,10.991142,10.657260,10.893477,10.983068,10.941081,10.968181,10.933273,10.944467,11.070050,10.945711,10.771741,10.563812,10.342098,10.197504,9.507058,7.911774,7.069856,5.882485,4.736183
10.378321,11.431519,12.133232,11.944878,12.085894,11.929731,11.764498,12.232468,11.925360,11.743355,11.939998,11.736585,11.805741,11.795569,11.037264,11.126586,11.071141,10.686520,11.079470,10.981647,10.774596,10.987434,10.805844,10.588825,10.374382,9.812989,9.838396,9.983692,9.720159,9.820724,9.701260,9.382869,9.833825,9.834173,9.698491,9.699146,9.258950,9.258006,9.662494,9.606169,9.724539,9.872588,9.939551,10.030177,10.033570,9.949350,9.807670,9.988823,10.163137,10.107370,10.113500,10.070926,9.996690,9.979706,9.987106,9.931074,9.751090,9.600418,9.358150,9.088416,9.011637,8.866719,8.414636,7.503172,6.652030,5.543123,4.511886
9.843186,10.868831,11.630118,11.638800,11.994535,12.106382,12.108699,12.266071,11.912933,11.715409,11.870321,11.911112,11.883650,11.670896,10.994369,11.138755,11.223497,11.057597,11.078283,10.972106,10.867565,10.956417,10.962470,10.782315,10.410301,10.095222,10.053628,10.113040,10.097252,10.020669,9.963611,9.961321,10.212470,10.265351,10.222700,10.157590,9.942374,10.020123,10.356798,10.407737,10.410294,10.384050,10.337123,10.446309,10.473609,10.383720,10.076124,10.178154,10.334332,10.318532,10.405760,10.295059,10.070009,10.119382,10.092360,10.052576,10.032492,9.724257,9.486441,9.330961,9.281966,9.161125,8.696321,7.715114,6.776099,5.587913,4.497901
8.650637,9.550044,10.322659,10.586383,10.923326,11.196760,11.339897,11.159910,10.933777,10.813779,10.855834,11.095133,10.980417,10.649648,10.277815,10.390084,10.545715,10.619610,10.244122,10.142159,10.159086,10.106754,10.287170,10.148923,9.647587,9.646948,9.540338,9.486081,9.694781,9.383461,9.356509,9.662860,9.647011,9.725451,9.741536,9.519274,9.605919,9.726262,9.855558,10.041097,9.881857,9.689075,9.708844,9.743172,9.776296,9.751916,9.373616,9.468210,9.604633,9.503035,9.695398,9.579145,9.286275,9.462514,9.379011,9.336874,9.509461,9.119306,8.973919,8.992269,8.860714,8.828443,8.435790,7.424139,6.569680,5.511709,4.550538
6.693338,7.042212,7.470197,7.884616,7.977918,8.155263,8.275788,8.005159,8.092363,8.161797,8.110778,8.267086,8.087153,7.825121,7.914840,7.897820,7.937129,8.041295,7.618793,7.596409,7.707399,7.601941,7.733334,7.603751,7.184395,7.375823,7.284389,7.156344,7.279498,6.964172,6.990421,7.377371,7.236853,7.210821,7.147269,6.882545,7.176399,7.275856,7.158061,7.230654,7.110406,7.073185,7.368274,7.307882,7.250918,7.197676,6.991381,7.218506,7.398472,7.197054,7.350650,7.270319,7.075972,7.376252,7.257191,7.149579,7.292187,6.985063,6.985953,7.136594,6.865863,6.976102,6.873932,6.262958,5.724167,5.106059,4.566341
