A_NOX_ALL,A_VOC_ALL,A_NH3_ALL,A_O3_ALL,B_NOX_ALL,B_VOC_ALL,B_NH3_ALL,B_O3_ALL,C_NOX_ALL,C_VOC_ALL,C_NH3_ALL,C_O3_ALL,D_NOX_ALL,D_VOC_ALL,D_NH3_ALL,D_O3_ALL,E_NOX_ALL,E_VOC_ALL,E_NH3_ALL,E_O3_ALL,F_NOX_ALL,F_VOC_ALL,F_NH3_ALL,F_O3_ALL,G_NOX_ALL,G_VOC_ALL,G_NH3_ALL,G_O3_ALL,H_NOX_ALL,H_VOC_ALL,H_NH3_ALL,H_O3_ALL,I_NOX_ALL,I_VOC_ALL,I_NH3_ALL,I_O3_ALL,J_NOX_ALL,J_VOC_ALL,J_NH3_ALL,J_O3_ALL,K_NOX_ALL,K_VOC_ALL,K_NH3_ALL,K_O3_ALL,L_NOX_ALL,L_VOC_ALL,L_NH3_ALL,L_O3_ALL,M_NOX_ALL,M_VOC_ALL,M_NH3_ALL,M_O3_ALL,N_NOX_ALL,N_VOC_ALL,N_NH3_ALL,N_O3_ALL,O_NOX_ALL,O_VOC_ALL,O_NH3_ALL,O_O3_ALL,P_NOX_ALL,P_VOC_ALL,P_NH3_ALL,P_O3_ALL,Q_NOX_ALL,Q_VOC_ALL,Q_NH3_ALL,Q_O3_ALL
1.0,1.0,1.0,1.0,1.0,1.0,1.0,1.0,1.0,1.0,1.0,1.0,1.0,1.0,1.0,1.0,1.0,1.0,1.0,1.0,1.0,1.0,1.0,1.0,1.0,1.0,1.0,1.0,1.0,1.0,1.0,1.0,1.0,1.0,1.0,1.0,1.0,1.0,1.0,1.0,1.0,1.0,1.0,1.0,1.0,1.0,1.0,1.0,1.0,1.0,1.0,1.0,1.0,1.0,1.0,1.0,1.0,1.0,1.0,1.0,1.0,1.0,1.0,1.0,1.0,1.0,1.0,1.0
0.863535805,1.241055552,0.83370348,0.012559236,0.869754418,1.006563503,0.962917701,0.036504503,1.068550257,1.120953752,1.23893509,0.027750975,0.835199625,1.228430464,0.873012441,0.028224934,0.695553291,1.186508194,0.996501609,0.033109915,1.334524357,0.910602478,1.184359983,0.025329275,1.002000218,0.803191073,1.146772368,0.03679765,0.764775481,0.885962818,0.526543985,0.032581493,0.635479026,0.73080257,0.90055931,0.0347454,1.156333914,1.234487428,1.04998759,0.03519811,0.88187545,0.968710982,0.817614325,0.03489441,0.73954232,0.944993003,1.049730123,0.03836807,1.137425289,1.228396711,0.8400706,0.03977709,1.314464168,0.842700468,0.780937333,0.04216167,1.236319088,0.840536292,1.048697914,0.02925149,0.87020578,1.121574519,0.902625982,0.032091897,0.65738346,1.010165438,1.31528251,0.028825605
0.742005935,0.646945949,0.986339546,0.014477693,1.192631045,1.003773253,0.780494493,0.03624592,0.934011503,0.969481948,0.957689415,0.027267078,1.012360305,1.277558988,1.008264154,0.026701404,1.086871117,0.899152983,1.396219993,0.030305982,0.941018466,0.661978089,1.00386577,0.02685886,1.118786464,0.694296244,0.972868391,0.036835223,0.923891128,1.27979922,1.060337463,0.03248627,1.050851731,1.071004873,1.115864367,0.03331165,1.331561671,1.049558709,0.974431118,0.034458682,1.144306736,0.815849512,1.235233197,0.034198754,0.862231077,1.051922246,0.821474696,0.03750073,1.183849535,1.059202772,1.117615737,0.038952976,0.786083982,0.785215215,1.117292219,0.042771798,1.238821317,0.938990704,0.943296868,0.02840412,1.278779791,1.284150807,1.433524304,0.029280165,1.120913183,0.824733823,1.290492127,0.026994752
1.242453095,1.263960396,0.903859773,0.013236197,0.955692638,0.973506048,0.906025623,0.03654163,0.823670413,1.022233043,1.065741091,0.028621277,0.680270526,0.791884687,0.983349129,0.028417364,1.069616279,0.741900646,1.370173452,0.03059688,0.922186429,1.130895864,0.82878239,0.026584145,1.047782142,1.156916729,0.956777876,0.03671506,1.257153307,0.914818751,0.918796965,0.031225383,1.177884698,0.84780259,1.240347223,0.032783393,1.190786957,0.994135268,1.398683641,0.034744967,1.089381833,0.755261209,1.162130556,0.03475421,1.174900035,0.826106864,0.90584816,0.036688536,0.959948079,0.942969933,0.801629902,0.03916763,1.445309092,1.00798856,0.559174998,0.04184597,1.258952103,1.381328696,1.342452754,0.027565382,0.993027986,1.163494215,1.079286598,0.030707052,1.145995299,1.265948542,0.77775531,0.026067765
0.814412821,0.735800477,0.644385384,0.016483754,1.089341798,1.144005695,1.188024604,0.036902156,0.907912888,0.796244131,0.883309564,0.027524468,1.056815416,1.225650308,0.683433485,0.02677217,1.014809104,0.647299473,1.113795094,0.030893123,0.659572528,0.977711482,0.821161633,0.028686572,1.019021286,1.381886546,1.3258807,0.037206132,1.153345748,0.902152415,0.587981815,0.032220993,1.219771886,1.130540603,1.063928101,0.033799805,1.167229313,1.003284067,0.581641564,0.034743465,1.129857431,1.296876791,1.267681259,0.034060955,0.831819357,0.711278398,1.433584959,0.03761102,1.240626991,1.190229341,0.965237792,0.039133474,0.574630702,1.191931088,1.148330824,0.04317608,0.837272709,1.279428674,1.027987327,0.029576192,1.094223655,0.868594404,0.953091311,0.029506117,1.19671711,0.776720168,1.122029181,0.027315272
1.006110591,0.85056313,0.676458337,0.012727938,1.00456697,1.12220135,0.951893869,0.036169354,0.986490657,1.273809108,1.05919826,0.029225975,1.131832289,1.037194256,0.91341052,0.028308671,1.23694958,1.119970462,1.412180964,0.031114608,1.102931567,0.698627609,0.92922443,0.025665011,1.238521654,0.945547269,1.195485432,0.036208607,1.253846262,0.771606137,1.170060678,0.031574436,1.100119479,1.109046606,1.102866896,0.033738825,0.794937212,0.606652168,0.986113278,0.035628833,0.84206883,1.154850211,0.867263047,0.035829928,0.814080575,1.180748399,1.286490562,0.037964903,0.974930931,1.159977401,0.854129775,0.039785232,1.223779652,1.273211738,0.554029089,0.042325944,0.899030157,1.076268145,1.029533903,0.02964886,0.82189145,0.868297987,0.855798546,0.032621343,0.751785092,1.263983224,0.568521753,0.02799666
1.20982461,0.774887499,0.89191425,0.014267082,0.997777316,0.7879802,0.89638593,0.036996182,1.183762157,1.04942654,1.12139005,0.026506206,0.743628068,0.755155193,0.859793522,0.02829982,0.631877082,0.752046567,1.039454216,0.033114444,0.775403683,1.229989003,1.317690655,0.028289545,0.56546994,0.842846414,1.158099735,0.038334664,0.774474281,1.144011171,0.805555474,0.033306614,1.034344326,0.886239005,0.816392675,0.03466543,1.173687191,1.030130761,1.389147261,0.035349794,1.152740871,0.758473491,0.726096311,0.0345632,1.031206061,0.886560195,0.55004437,0.037598964,0.90977959,0.697297803,0.745991497,0.039669316,0.856831279,1.020220026,0.927186524,0.04278,0.788106877,0.783014064,0.92584668,0.030442823,1.036612412,0.759389281,0.67702731,0.030035328,0.900017526,1.328512373,0.647614057,0.028827796
0.853427337,0.609329157,0.884360161,0.01319497,1.006296576,0.70916134,0.950202367,0.03627393,1.347431237,0.701150466,1.223561638,0.024957819,0.858616118,0.864374455,0.71983409,0.028579744,0.578606184,0.548019299,1.119574255,0.033328902,1.173648822,0.923497543,1.276270076,0.025600754,0.944221693,0.909314692,1.142443774,0.036484484,0.749715658,0.988939304,0.850681446,0.03283906,0.970730094,1.071937509,1.017742985,0.033190064,0.942073032,1.284261767,1.331583052,0.035527457,1.217431963,0.908483819,1.009333676,0.034027264,0.945504322,0.670368531,0.579650555,0.037382226,0.987787189,0.941851606,1.193142241,0.039582342,1.229980835,1.046640304,0.816325871,0.04212472,0.699155484,0.917880066,0.671558648,0.030216018,1.271278806,1.187359263,1.443065066,0.029182693,0.843425445,1.053938483,1.39876496,0.027999653
0.929154851,1.08527994,0.944669895,0.017057525,0.778706281,0.850078691,0.845650473,0.037932064,0.786481156,1.156256054,1.037855106,0.028579488,0.709441796,1.172045767,0.746728746,0.029797077,0.807906909,0.84564559,0.964272922,0.03320531,0.64576199,1.032179084,1.066529304,0.029645648,1.166056552,0.868713633,0.59129005,0.037857335,0.764572222,1.089814984,0.844858865,0.03437161,0.832608223,0.739584898,1.144511813,0.034708396,0.863026945,0.917530584,0.698799704,0.036385193,1.103086033,0.733845071,1.359029776,0.034887515,1.129908421,1.012116031,0.582069806,0.037810378,0.709905265,0.64349776,0.572279615,0.040312633,1.300925165,1.219353406,0.885092459,0.04229125,0.55147272,0.95469364,0.634609654,0.03203609,0.971376299,0.887032126,0.862394299,0.03092863,0.859912053,1.074999265,1.444125871,0.029714854
0.911115859,1.24724576,1.127589901,0.0120226415,1.244293445,1.102117561,1.114615928,0.036016375,0.588411357,0.711308121,0.972911734,0.031316426,0.942185173,1.100281621,0.766472121,0.02940611,0.951690689,0.830063096,0.943465557,0.031702507,1.330369651,0.916952043,1.392082373,0.024859758,1.278716774,1.176940998,0.829792146,0.035849333,1.290937469,0.983656023,1.063209342,0.03129624,0.649537006,0.818499615,0.530212998,0.03463551,0.741202041,1.104128552,1.230786456,0.03586799,0.734508551,1.045447181,0.89858597,0.0362181,1.001931406,0.849999163,1.190785798,0.03760789,0.930071013,0.681210519,0.708438232,0.03967011,0.986321308,1.183758718,0.618506069,0.042610794,0.977189139,0.918292489,1.021256909,0.029301556,1.318631689,1.244246266,1.476738529,0.030903073,1.067401303,0.804428357,1.390899309,0.027660469
0.820852315,1.026368394,1.050056347,0.013671764,1.14906309,1.118506276,1.015093218,0.036138613,0.721867225,0.700106379,1.001793521,0.02876563,0.966075265,0.888192116,1.151433944,0.02833671,0.815228197,1.053695081,0.925134205,0.0318269,1.005309915,0.60130138,0.761400651,0.026166294,1.063002636,0.962053281,0.844068425,0.036569435,0.891570756,1.08152382,0.965459015,0.032079868,1.241447809,1.374880155,1.444020817,0.033303402,0.787804046,1.031905493,0.538153682,0.03565813,1.15110828,1.248048355,0.730424623,0.034168776,0.862814541,1.164081199,1.014211258,0.037613116,1.209086436,1.286166171,1.248607376,0.03927081,0.705034996,0.897971241,0.56817784,0.04302111,1.308128757,1.237511567,1.163824633,0.028071346,1.091532574,1.022954243,1.14401541,0.030747298,1.255916128,1.017635451,0.804027679,0.02658554
0.691341264,1.335610897,0.930720705,0.013068015,0.833548011,0.820514913,0.898062576,0.0361591,1.127458834,1.370537389,0.782002772,0.02763075,1.039430602,1.171035481,1.255203803,0.02800575,0.794451606,0.905595179,0.885123001,0.03149428,1.290663374,1.079083368,0.942340035,0.024886616,1.049177688,0.928648143,0.626641667,0.036055364,1.030063062,1.008281267,1.18711479,0.03129659,1.252095727,1.257888873,1.148206367,0.032089338,0.949704843,0.914361641,0.893340909,0.035202738,0.84508686,0.906261133,1.246170352,0.035332594,1.140941017,0.878498615,0.617322083,0.036715586,1.193947832,1.027090228,0.615826856,0.039030083,1.178037524,0.917243498,1.19973187,0.04216611,1.244419121,0.945688733,1.263523666,0.027566204,1.132721897,1.058262186,1.150685872,0.030316444,0.992806345,0.808624676,0.953154319,0.02603479
1.177467753,0.966436295,0.964131132,0.013830573,1.315408302,1.205370629,1.190558951,0.036571108,1.160950913,1.007178832,1.098350386,0.026814952,0.910975987,1.215869153,0.869109955,0.028172972,0.920531729,0.814526214,0.962785779,0.031097895,0.807851423,1.121782965,1.024836246,0.027776953,1.215380149,1.380525858,1.468888275,0.037024472,0.626677199,0.930235505,0.735944268,0.033835914,0.843145688,0.762482343,0.837888292,0.03515052,0.985530425,1.092512301,0.980051823,0.035688046,1.073951627,1.200951188,0.605150367,0.03438425,1.222625445,1.029958876,1.050501199,0.03727198,1.130343777,1.021589069,1.370165481,0.039171938,0.846146603,0.963329719,1.119025618,0.042863596,0.578584822,0.595222565,0.901052038,0.03165441,0.902461799,0.975298116,1.056802471,0.031443775,1.066662532,0.945558232,1.159146349,0.029436082
0.836092766,1.059083772,0.788324838,0.014298058,0.99335355,1.151870965,0.884118311,0.036635496,1.302877973,1.244288743,1.24164193,0.026905969,1.198845605,0.85804329,1.242575581,0.028540047,1.31558375,0.687552902,1.111537875,0.030818867,0.945573473,0.82888996,1.303994655,0.027081972,0.926917269,1.19678751,1.051018569,0.037301075,0.633222091,1.121366932,1.160487624,0.033758756,1.086704346,1.155693432,0.873167704,0.033989683,0.71330593,1.137415163,1.343261675,0.036471803,1.120321035,1.387050665,1.071809871,0.03517903,0.671174111,0.807549681,0.829796568,0.038271826,1.018857265,1.204061232,1.025476702,0.039748866,0.971837819,0.918763524,1.028691567,0.042732164,1.094424605,1.116422253,1.248137756,0.029800756,0.891152831,0.93834724,0.762334857,0.03151005,0.688035516,1.250679634,1.462274323,0.028863342
1.078783634,1.112575744,0.900355386,0.0118390955,0.766444383,1.062483422,0.744232623,0.036371134,0.76355812,0.805908107,0.8009864,0.028844561,1.145488014,0.911812156,0.958947432,0.027027655,0.964030143,1.185511321,0.818832668,0.030742176,1.383397484,1.032541348,1.444608616,0.024416028,1.026873103,1.116623735,0.836247327,0.035763413,1.204273267,0.806746963,0.733589385,0.030768089,1.00027797,1.103105064,1.020284989,0.033051692,1.095745931,1.153668203,1.005600946,0.0347334,1.000168139,0.665045915,0.956299456,0.03419157,1.257569443,1.274692741,0.713452489,0.036660727,1.333130185,1.372777073,0.682829481,0.03886439,1.303441081,1.062025886,0.710594592,0.041945748,1.038471981,0.909336077,0.993344691,0.028146226,0.831000081,0.963614744,0.841430932,0.031842936,1.314318581,1.036815944,1.147832847,0.026074857
0.887576155,1.001864345,1.193613363,0.013222378,1.242787208,1.345996677,1.136377204,0.036064327,1.300810382,1.229483078,0.916975977,0.02666972,0.842031396,1.107819846,0.706796132,0.027445648,0.614468388,0.782514459,0.786249266,0.032667246,1.055692137,0.794477796,0.922921967,0.026151394,0.617559979,0.938546017,1.038859946,0.037379548,0.895840651,0.61566863,0.567525532,0.031896792,1.033655348,1.157174745,1.133298273,0.033680655,1.323144114,1.287794534,1.030879346,0.03458515,0.877830062,0.965757446,1.18256114,0.035348732,1.107278266,0.877270294,0.67110692,0.037204057,0.920813903,0.768074108,1.219933353,0.039494637,0.799717786,1.045646041,1.426849709,0.042889114,1.163015058,1.195258011,1.209929442,0.028507743,1.178065056,1.054667461,1.269700899,0.029979566,0.827245433,0.923176013,1.300674041,0.02751183
1.121636191,0.794491362,1.18782145,0.0141066555,0.99067355,0.998338523,1.262557968,0.03685009,1.199733202,0.954164508,0.867544814,0.027897,1.006998854,1.232183204,0.841980444,0.027860558,1.219608591,1.347903213,1.057171305,0.030638054,0.8467579,0.98357596,0.960248077,0.027414517,1.109547492,0.966157433,0.938525014,0.037149634,1.04617044,1.055439441,1.31330386,0.032130837,1.065496117,1.164454857,1.385136095,0.03432627,1.160897321,0.968495717,0.931736411,0.03531932,0.668304835,1.054827503,1.385330073,0.0357462,1.047377449,1.014435902,1.455730207,0.037589356,1.037082819,1.068097906,0.902386479,0.0394952,0.793903629,1.305434012,1.309435337,0.04294624,0.76592366,1.24216435,0.918992526,0.030252026,0.892713728,1.011653464,0.918370795,0.03206601,0.646395612,0.957908292,0.875688163,0.02870241
0.937795447,1.314486397,0.831813021,0.013107496,0.70464783,1.155248282,1.053482555,0.036698323,1.188235438,1.160316596,1.207471927,0.027324265,0.99687835,0.852039457,0.688289907,0.028152414,1.079574262,1.326900919,1.068767431,0.03100554,1.222320396,1.216763915,1.387171262,0.025614034,1.033006196,0.821281821,0.742863154,0.03657793,1.069690416,1.395048314,0.765889335,0.031456813,1.037023774,0.854090131,1.430821256,0.033472594,1.079614783,1.297225802,0.808857143,0.035334766,0.812607855,0.847436061,0.766511831,0.035092384,1.255442327,0.848092695,0.942112175,0.036798757,1.107635736,1.235265351,1.323642306,0.039340906,1.151458968,1.234434377,0.936902522,0.042396974,0.802458526,0.742229211,1.048965822,0.029211663,0.87132511,0.918377826,1.015489001,0.03136919,1.163502604,1.335925615,0.690968792,0.026918123
1.150847698,0.837779326,0.758134516,0.013331853,0.872205109,0.885999311,0.752997423,0.036697447,0.65295079,0.936080146,1.000384888,0.030435383,1.154444651,1.20552941,1.117516639,0.028266845,0.966661573,0.877767777,0.904417043,0.031432025,0.972687437,0.912407899,1.112310845,0.026653659,0.914866235,0.86452864,0.585364604,0.036991373,1.199627553,1.146781946,0.564070468,0.032037795,0.97062572,1.056236129,1.401249314,0.033471886,0.902797813,0.700551416,0.599514538,0.035783064,0.769314224,1.147885563,0.982438979,0.03542587,0.96907897,0.837737613,0.744117009,0.037522383,1.12744614,1.109740951,1.129643843,0.039452627,0.923948985,0.955059225,1.403967311,0.042802963,0.70093699,1.193964304,1.046467574,0.029991927,1.099885274,1.173736613,1.212724644,0.03159767,0.934333185,1.297449377,0.669926645,0.027527208
0.685697917,1.267927986,1.040324827,0.012795502,1.000580213,0.864796333,0.808686546,0.036027487,1.277152589,1.026466858,0.947325776,0.026639918,1.33526403,1.119748781,1.22457607,0.026658257,0.770784754,1.081360679,0.955329345,0.03160874,1.348264934,0.955612994,0.92256383,0.024871172,0.885992805,1.073427408,1.059960637,0.03652445,0.990110841,1.393334773,0.857101719,0.031242073,1.059094456,0.990000056,0.873180935,0.033404272,0.922121029,0.660730851,0.75576617,0.034982685,0.862859613,1.024690342,1.016494418,0.034939133,1.133290228,1.049238568,0.871652833,0.03698091,1.045209319,0.815643971,1.412468761,0.03914153,1.170913037,1.312201307,1.068371673,0.042274754,0.910128609,1.108601473,0.73352729,0.028924596,1.09658822,1.228618559,1.408816841,0.030779151,0.912021386,0.72844212,0.562346022,0.027212339
1.110392491,1.122475748,1.27566697,0.015812438,1.177639973,0.784226039,0.983143516,0.036886435,0.809248618,0.835616374,0.922325932,0.028737998,0.888313638,0.723486896,1.063729691,0.028140524,0.925731076,1.045730693,1.215507723,0.03275605,0.588626896,0.990602673,1.25402244,0.029141713,0.716747413,0.728947145,1.257986261,0.03806326,1.018735433,0.878533642,0.655928361,0.03267424,1.054994915,1.033603001,0.730044914,0.03337462,1.034427937,0.97471556,0.665290616,0.03546295,1.151781235,1.129896973,1.095115735,0.034819663,0.857701061,1.206129012,1.325706389,0.038024522,0.881916224,1.073404186,0.930295493,0.040130153,1.139303513,0.951277747,1.388425092,0.04244092,1.300126702,1.096954165,0.93759298,0.028329901,1.133845121,1.26167206,1.380197806,0.030714694,0.706797577,1.333022529,1.133411272,0.02743344
0.906455862,1.06008407,0.94910442,0.012028074,1.048168955,1.019147142,0.644332095,0.035942975,0.606848694,1.065681873,1.102501026,0.029361118,1.018380029,0.78252604,1.174273554,0.026881106,1.314906664,0.798788941,1.107625933,0.029883457,1.315316051,0.863219668,1.447966001,0.024687652,0.823488072,0.660807302,0.687938797,0.036236607,1.174920186,1.251778269,0.825622275,0.030652659,0.909126017,1.229213742,0.819639877,0.033335518,1.149090601,0.784891795,0.569740464,0.03437256,1.16113813,0.706911974,0.840840259,0.03420422,1.29937127,0.969543215,0.813826509,0.0365477,0.912308249,0.774887913,0.797493187,0.03915671,1.049369929,0.99404163,1.032124354,0.04239157,1.109332493,1.043185649,1.104857298,0.028083585,1.087448526,1.004776231,0.876494196,0.029591646,0.759627378,0.733923737,0.977254344,0.026962837
0.968161283,1.322947964,1.274432405,0.01573773,0.694360821,1.080860177,1.036101532,0.037443593,1.221973454,0.702765278,0.843392775,0.026290441,1.16007479,1.30674874,1.020857884,0.027542768,0.764203272,0.761367363,0.974761175,0.03210174,0.729998518,0.781906489,0.860605663,0.028076708,1.062934597,1.03279909,0.686463816,0.036863644,1.332397555,0.813758538,1.156044925,0.031240959,1.143928027,0.804633296,0.660338295,0.03309596,1.073196917,0.765253262,0.811501413,0.035248443,0.953847197,1.277005132,1.096076353,0.034379307,1.271523284,1.059700313,0.848578232,0.036730967,1.096427142,1.072134491,1.185101621,0.039328985,1.34153148,1.112048931,1.285646403,0.04203867,1.34053741,0.783536157,1.184303447,0.027343148,0.99672645,1.014046834,0.929559473,0.030600019,1.304387844,0.667799346,1.313014615,0.025805496
0.914791846,1.255058834,0.960589208,0.013500421,1.016105369,1.070750055,0.707334568,0.036422182,0.728741228,1.165922062,0.825995988,0.02948447,0.838964998,1.185467287,1.231132909,0.028091464,0.878388788,0.729515456,0.942898342,0.032628965,1.115021402,1.067614186,1.452371526,0.026099108,1.223558793,1.130044922,0.7492794,0.036525596,0.9429607,1.102997817,1.365353062,0.031743143,0.944332604,0.907160097,0.724064716,0.034082107,0.977491357,0.772033561,1.352879922,0.03505259,1.075436227,0.604064362,0.707004255,0.035085805,1.194010589,1.025250599,1.229536268,0.03720371,0.923202275,1.07226742,0.796810163,0.039861705,0.987859902,0.968731749,0.659993711,0.042578634,1.327477239,0.738324498,1.073096183,0.028136553,0.966558343,0.726210994,0.778838106,0.030600984,1.089963244,0.996372669,0.722917087,0.027228385
1.269750066,0.859966401,1.372199457,0.013510591,1.002904418,1.317857492,1.370442259,0.036548972,1.05800379,0.916537159,0.863115445,0.02854827,0.794044814,1.181067897,1.210440243,0.02908721,1.202541204,0.804110908,0.864516167,0.03105975,0.803356021,0.630225801,1.258100929,0.027171528,1.121760178,1.207257578,0.691470309,0.03676915,0.871009239,1.107049853,0.997316388,0.03223103,1.167448982,0.969587988,1.09560103,0.032632917,1.026831251,1.175049621,1.139335231,0.03559044,0.907660892,0.80556649,1.094358122,0.03574691,1.084616495,1.038603196,0.723292557,0.037128504,0.988914999,1.093687452,1.361836427,0.03964491,0.899648841,1.268705121,1.296253572,0.042774796,1.054178347,0.673039483,0.934984344,0.028318329,0.916530252,1.142498554,1.194113267,0.03181576,1.258738948,1.097024198,1.306161867,0.026186706
0.990798831,0.915643541,0.880206606,0.012915126,0.742854252,0.987722295,1.20188956,0.03654327,1.038807094,1.364951835,1.112297411,0.027988588,0.988261097,0.87945589,0.965648629,0.028597115,0.903107423,0.977475349,0.878323066,0.0323155,1.167076983,0.907820869,0.626700313,0.025486903,0.910973137,0.923558484,1.2477439,0.03658777,1.047970435,0.927463128,1.209513496,0.03166046,1.111392844,0.819749836,0.784822038,0.03291098,0.808023632,0.86053129,0.735900033,0.035649944,0.983208241,0.992387838,0.918117462,0.035215918,0.755368199,1.117620724,1.1131008,0.037957978,1.075848416,1.113074179,1.424241573,0.039742738,1.007375206,1.118822327,0.87903879,0.042534065,0.84333617,0.680797629,0.886802093,0.029287243,1.109968596,1.149185419,1.37505637,0.031166932,0.825444071,1.238097066,0.532277766,0.027116707
1.24445997,0.920051326,0.939971176,0.012686737,0.865097293,1.012511358,0.979748174,0.036330193,0.824037533,0.966237501,1.14636006,0.027512634,1.179404898,0.635275261,1.21503384,0.02638008,1.293407961,0.743020082,1.068447931,0.030166974,1.00239022,0.762188213,1.262724453,0.02579667,1.007977051,1.166557914,0.950671038,0.03628584,1.242236467,0.905596399,1.207333277,0.030675612,1.317133155,1.004052049,0.7419924,0.032417383,1.163336174,0.979825333,1.423250965,0.034369178,1.415579126,1.380929339,0.686797689,0.03347334,1.185292536,1.163885219,1.021940169,0.036456153,0.982841198,1.018951897,0.721885795,0.03914413,0.870794782,1.26001595,0.59228232,0.04265579,0.795669832,1.197934533,1.132651741,0.028518792,1.072734804,0.92651509,0.822791869,0.029291937,1.167960524,1.12636119,1.146889988,0.025892144
0.709163441,0.891847592,1.009264352,0.017302908,0.821901283,1.037342437,0.720077953,0.037715692,0.61157855,0.994927698,0.736927385,0.029962331,0.746485824,1.145826323,0.672535874,0.029830715,0.65444468,0.609663397,0.921639897,0.03267142,0.735136184,1.018399436,0.885007745,0.029331917,1.131664645,1.105500738,0.600779107,0.0382291,0.605705744,1.238967408,1.372609357,0.034301836,0.941527013,1.174866039,0.716583659,0.034428682,0.782155325,1.007575757,0.625276011,0.036569513,0.949998857,0.749485643,0.874760155,0.034996815,0.985179708,0.961000257,0.892354369,0.03792503,1.263446779,1.094020554,0.631405022,0.039503943,1.216964918,1.030969553,1.188479964,0.042390548,0.727340623,0.658692953,0.889449086,0.031153603,1.164507655,1.085029766,1.015684222,0.030898284,0.782128982,0.728008397,0.749790285,0.02929031
0.926103763,0.687774557,0.904580934,0.013940485,0.729381069,0.938010323,1.268431547,0.03680426,0.728215912,0.666091053,0.705063186,0.029965956,1.30386676,0.834224831,0.902345092,0.027799588,1.01048486,1.315667497,1.016410768,0.031790882,1.00878393,0.793653967,0.729250599,0.026571138,1.261173573,0.758093488,1.139204602,0.0364756,1.192405232,1.024861536,1.446483457,0.03211644,1.166862231,1.014331732,1.365772185,0.03413469,0.748298889,1.230742212,0.824789518,0.035783943,1.030668961,1.000692929,1.249826075,0.0352346,1.07509489,0.883371842,0.690638942,0.037320677,0.992589009,1.069959741,0.752802393,0.03967119,1.271727537,1.236737316,0.962056599,0.04219493,1.010076079,0.863501327,0.986080837,0.02948428,0.94557596,1.162357232,1.129824698,0.03167508,0.878618418,0.810187055,1.410310638,0.028176675
1.142576185,0.768112163,1.174371764,0.011899841,1.027690524,0.909615573,1.175761633,0.035942573,0.768470457,0.679459309,1.069282113,0.029519279,1.328895758,1.353433778,1.022942249,0.02616289,0.689540953,1.12629505,0.861214373,0.03328797,1.194723686,1.134185367,0.827240756,0.024874173,1.213202658,0.951198134,1.316476262,0.035705876,1.126372062,0.980822157,1.201021653,0.031372707,1.20424037,1.066350982,0.784324919,0.03280251,1.077583029,1.110954292,0.597566659,0.034330208,0.599093644,1.135796087,0.912432746,0.035630304,0.611951535,0.917230424,0.790355323,0.03811886,1.034768701,1.01905036,1.155758748,0.03986675,0.742123322,0.864532733,0.611371347,0.04297284,0.839446937,0.99684924,1.125069014,0.02913748,1.260632743,1.093341491,1.342060849,0.029586136,1.247929999,0.738280397,0.685036081,0.026428489
1.169851122,0.747612999,1.320677292,0.013085109,0.973060171,1.259605978,1.162099782,0.036691632,1.392335755,1.306178897,1.011885269,0.02637063,0.67380752,1.019217502,0.807482227,0.028946253,1.137369559,1.147660739,0.666375886,0.032013834,0.995663585,1.027684764,1.369353143,0.02655479,1.260005993,1.305548404,0.769037278,0.03641375,0.808673543,1.138259183,1.243435957,0.032915097,0.968488601,0.922489401,0.673412209,0.03480009,1.112079265,1.181923946,0.622863149,0.03532907,0.728663293,0.759359293,0.983759088,0.03557588,0.692403023,0.836909984,0.972689729,0.03848638,0.825972363,0.89373434,0.594189211,0.04013977,0.96150097,1.022451001,0.907084003,0.04275611,0.795828032,1.093414865,0.818050525,0.030717844,1.001729605,1.109256934,1.199348913,0.030740298,1.010629949,0.6768316,0.794942314,0.028834328
1.420138292,1.281041293,1.220643068,0.014303815,0.970795339,1.240897493,1.017814174,0.037136275,1.240854308,0.627673023,0.874338731,0.027441094,0.817497635,0.752497995,0.94494624,0.030389408,0.950113796,0.967769399,0.681667662,0.03253671,0.683549028,1.261438053,1.04706013,0.028697297,1.026744409,0.776230903,0.634467886,0.03779789,1.00300434,1.193919333,1.023500875,0.03349498,1.066439785,0.88682723,1.180437959,0.035101727,0.838977212,1.003429109,0.83423398,0.036673862,0.956514885,0.949019694,0.706485068,0.03582602,0.78631674,0.864438728,1.217296681,0.03838624,0.988539428,1.188167042,1.185604206,0.040024966,1.380703087,1.1367001,0.850691678,0.04207424,0.91521188,1.247537099,1.028527068,0.030608432,0.864900738,0.810297685,0.645504131,0.03157914,1.049170177,0.980807818,0.792838757,0.02898869
0.740781136,1.341034616,1.053249983,0.012150191,1.34238974,1.265179819,0.975602849,0.035731632,0.835389516,1.059651453,0.998553886,0.03014036,0.707268055,0.987058725,0.926138954,0.03046126,0.840979011,0.758832554,0.92692229,0.031458907,1.377507778,1.227100406,1.047825945,0.02464606,0.684719119,0.585391166,0.559237486,0.036712267,1.238060998,0.847023314,1.089659429,0.03149867,0.933779332,0.892451676,1.254027191,0.0333534,0.669989176,0.852215763,0.524268863,0.036271133,1.025415821,1.272278614,1.158535578,0.03571561,1.186415845,0.767718601,1.33629323,0.036848567,1.02780784,0.862906637,1.220176793,0.039292604,1.189765673,0.729118374,1.381693115,0.042281374,0.929376148,1.205144929,1.202483736,0.02915365,0.866721738,0.990300258,1.129889276,0.03330533,0.683311275,1.261819508,0.968060048,0.02763369
1.038148365,1.345385663,1.147018898,0.014713599,1.204988757,0.937263129,1.121603638,0.03680555,0.641072284,1.272222994,0.9176398,0.029749244,1.227376319,1.060444546,1.182120624,0.026250403,0.682346619,0.944206232,0.621305673,0.033276346,0.782359612,1.248423181,1.079238659,0.028219549,1.206177291,0.659206262,0.869088462,0.0374372,0.862121809,0.557842693,0.718492261,0.03316243,0.889505769,1.065289607,1.37654824,0.03460168,1.10852544,1.119357402,1.450807116,0.03478331,1.237217118,0.680954801,0.733181356,0.03453779,0.67372194,0.910842352,1.030864912,0.038466692,1.074218162,1.161022509,1.303581285,0.03981795,0.961271104,0.788785117,1.327509794,0.042774223,1.338343959,0.864198166,1.088667338,0.028932841,0.947651194,0.654242684,0.638035546,0.030791007,0.99920447,0.672221366,0.728006726,0.028244175
1.162054316,0.683378629,1.148515988,0.012032247,0.951770538,1.157761363,0.954174213,0.036264528,1.299105836,1.268236002,1.27593597,0.026179785,1.092634347,1.275150593,0.91395258,0.02652747,0.985683404,0.84524113,1.036622425,0.03226802,1.176787572,0.678950959,0.596980941,0.025207486,0.936203325,0.871820944,0.807753946,0.03609786,1.15464611,0.972076783,1.401392307,0.031139677,0.836377067,0.863934139,1.148612264,0.03379643,1.347808938,1.028483134,1.304680273,0.03431114,1.062776966,1.02794418,1.171180863,0.03437653,0.91253704,0.936207071,1.353148045,0.03764973,0.961772672,1.296553913,1.229725786,0.039845716,0.912679363,0.919233922,1.357096713,0.042767867,0.744586097,0.717942942,0.86203949,0.029651655,0.833916919,0.957205194,0.814769116,0.031103022,0.864317834,1.043027567,0.609403372,0.02754529
0.840274547,1.31561837,0.704720912,0.015585691,1.292909631,1.251517745,1.051625834,0.036669567,0.779724225,1.193902338,0.847327372,0.029760431,1.294736721,1.138020303,1.316116554,0.028306603,0.789592837,0.898821332,1.221732921,0.03290364,0.762415811,0.900557267,1.130810606,0.028039634,1.138672112,0.753594366,0.744017926,0.037420716,0.831520064,0.689528513,0.909318718,0.032774866,0.986277132,0.887436648,1.137151558,0.03345494,0.816736473,0.649790914,1.358876766,0.03640961,1.087184962,1.023549883,0.840996382,0.035334542,0.867767153,1.25707025,0.736846468,0.038129337,0.830299442,0.941889251,1.326430858,0.040060464,1.083872901,1.13954283,1.169811344,0.042533796,0.824092388,1.146855467,0.974469818,0.029599406,0.817127749,0.968494696,1.170741966,0.03263726,1.217482932,0.800778539,1.462021733,0.026869066
1.126072786,0.82872951,1.178575853,0.012191187,1.049241236,1.032413381,1.133077932,0.036338586,1.244490182,1.083870995,1.147939959,0.025635144,1.035782861,0.82223023,0.817293167,0.028956475,0.668227064,1.318844802,0.919152603,0.03337356,1.17699209,1.323339129,1.266653948,0.025646897,1.100283296,0.92745199,1.172989255,0.03679903,0.774964874,0.835121916,1.265851174,0.03282549,0.929981791,0.94074575,0.621261008,0.03430125,0.639923483,0.893089237,1.23327011,0.036228083,1.375069235,1.231036749,0.935202349,0.034193367,0.590892344,1.07292244,0.924944984,0.038551986,1.106686559,1.198466654,0.669052691,0.039750256,1.243523622,0.702518309,1.284195842,0.042276986,0.847341173,1.15173234,1.120079726,0.030265216,1.375761594,1.155679164,1.256784009,0.029518617,1.03718458,1.199201203,1.476080575,0.028182061
0.955889663,0.767393954,0.843180404,0.014830151,1.219141973,0.911747301,1.180155904,0.036850616,1.065998042,0.961078726,0.777959334,0.027868265,0.699992944,0.990399226,0.928406927,0.029719053,1.191997103,0.885064443,0.932417494,0.031341445,0.826451205,1.189169948,0.563980002,0.027966004,0.938569762,0.869328715,1.177180582,0.037626293,0.734521252,1.263992639,0.765450279,0.033407457,0.80800066,0.822434278,0.789818872,0.034921683,0.961853415,1.056593476,0.932887662,0.036092494,0.87244353,0.979482891,0.985669118,0.035680644,1.082965059,0.842297972,1.461441281,0.03770805,0.976262453,1.005797186,0.689962798,0.03984028,0.732676664,1.009411587,1.384449686,0.04313986,0.781720284,1.245999501,1.002773722,0.03050989,1.283339581,0.974914544,1.075418884,0.03024468,1.326948283,0.971160955,1.090495485,0.028215488
0.974569763,0.748535457,0.826522532,0.014321326,0.589430484,0.846082597,0.848865873,0.03721064,0.790693069,1.342428541,0.641099841,0.029079393,0.683664404,1.106781753,0.962459125,0.028977674,1.234328059,1.139830342,1.01209441,0.030097717,0.971047393,0.931682982,0.699312577,0.026962722,1.002396244,1.099993599,0.787165148,0.036764648,1.145447121,0.949888363,1.282005195,0.031674854,0.986903208,0.628029773,1.211122332,0.03424344,1.192118538,1.141113693,0.967037483,0.035276163,0.994720588,0.737895476,1.323331818,0.034713015,1.194147704,1.064687802,0.610375463,0.037034087,0.970106393,0.671143199,1.147097029,0.03920422,0.988518856,0.702609727,0.634084731,0.042612646,0.778528576,1.016457021,0.830159872,0.029593699,0.689177798,0.661796474,0.561002712,0.032297805,1.264009826,0.924759804,0.724032919,0.027257605
0.959899537,0.625916607,0.826749496,0.01568226,1.220638569,0.931607681,1.005463745,0.03678348,1.18255204,1.135273782,1.053191985,0.027197424,0.729947481,1.34849437,1.202453606,0.02888289,0.81693585,0.715515766,0.97410128,0.031646285,0.650781304,1.238519259,1.306740386,0.02882454,1.207922757,0.996877362,0.956656759,0.037372623,0.753951394,0.848243806,1.404704629,0.033495616,1.153744503,1.039344698,0.69738488,0.0341487,1.119378503,0.832746319,1.228409444,0.03571875,1.214285538,1.144343507,1.058110233,0.034630544,1.337359879,0.945314606,0.6676407,0.036831684,1.01477123,0.83382217,0.68839044,0.039304394,1.023467946,1.107903717,1.44061694,0.04257487,0.708902004,0.829023897,0.936503902,0.030652821,0.853045237,1.190099093,1.272500919,0.032200724,0.907144503,1.049535376,1.179662314,0.028777098
1.21336683,1.189167433,0.994513199,0.013567654,0.919044227,1.249615556,1.341924035,0.03673465,1.41350005,0.964708181,1.199639756,0.025964748,1.368519795,0.853146731,1.253404612,0.02626286,0.601995881,1.133171946,0.779755143,0.032575224,0.921200236,0.953967064,1.354970229,0.026770296,1.014379583,1.257975111,1.191903749,0.03689862,1.248570727,1.165242389,0.897414914,0.030876571,1.014009797,1.321108888,1.345510997,0.032867137,1.227511385,0.958444252,0.879628051,0.03456001,0.966001379,0.811252668,0.742732354,0.03492982,1.276259006,1.130962335,0.86531694,0.03678957,1.000882306,0.887494377,0.826058545,0.03928283,0.79911881,0.788111889,1.454727965,0.04285319,1.311676435,1.25335188,1.05591546,0.027169233,1.055494841,1.080967434,1.20313866,0.029958088,1.225690111,1.270064272,1.205271578,0.025640877
1.252530451,1.222560193,0.949252399,0.011610236,1.227254999,1.079717963,1.315233513,0.035854947,1.064420708,1.030315319,1.222047094,0.027819384,0.900862076,1.06640784,1.055530102,0.028698789,1.265154353,0.829077119,1.106061041,0.029511735,1.164433507,1.031610076,1.06938593,0.025178479,1.000869363,0.818159178,0.724984258,0.036579832,0.982244585,1.092057554,1.293271001,0.031529065,1.115685976,0.974993812,1.159398302,0.032858178,0.791710935,0.981785961,0.682405213,0.035636082,1.103581441,1.186491857,1.076412691,0.03460871,0.862195935,1.090083125,1.151106117,0.037284624,1.312468176,1.012121029,1.086614871,0.038741358,0.93501158,0.671909505,1.015196024,0.042546477,1.213729258,0.963436741,1.053368007,0.028099978,0.80082857,0.777377205,0.606471509,0.031839922,0.711458525,0.702005841,1.188481559,0.026902573
1.196973222,0.991251587,1.083543101,0.011242202,1.043509732,0.744040531,0.818201502,0.036087178,1.18443388,0.880934887,0.981277447,0.026323875,0.829113317,0.766763053,1.043820602,0.029007953,0.642997923,0.888142459,0.814521114,0.033831786,1.338327991,1.081635295,1.391769661,0.02480202,1.196297598,1.221032938,1.272804859,0.035937294,1.149324856,0.867052546,1.383783628,0.031750415,0.677061725,0.747648105,0.701192813,0.03446228,0.970059879,1.140432135,0.942244849,0.035375006,1.228512387,0.997626375,0.872650818,0.034462042,1.288324023,1.230435962,0.885612183,0.037137747,0.748773405,0.700537711,1.17778423,0.040049415,1.018461836,1.113508192,1.031108403,0.042591535,1.179554577,0.896815487,1.166354894,0.028864495,1.051815631,1.163615289,1.420558694,0.030678969,1.042634386,1.297142898,0.697639523,0.027758598
0.896565278,0.572040316,0.898222017,0.016635712,0.902190555,0.701378563,0.823512535,0.03740647,1.166754357,0.696985259,1.011686845,0.027256528,0.822367648,0.994468339,0.675804119,0.02880754,0.78309551,1.274768115,1.075292302,0.03169181,0.697203379,1.078694423,1.213824415,0.028800666,1.068082375,1.307516068,1.024463591,0.037320815,1.278195405,1.122687624,1.36677536,0.031760752,0.903291913,0.867942708,1.00733535,0.033915572,1.038922501,0.937693411,0.88186966,0.035503756,0.686818683,0.713485477,0.738597339,0.035496958,0.812659299,1.002805994,1.199524352,0.037992775,1.303325458,1.101644634,1.35592311,0.039226357,0.722521081,0.910040919,0.72812422,0.043044228,1.150306355,1.057902547,0.774182994,0.028650291,1.274153845,1.11399257,1.339303922,0.030209158,0.581304543,1.065239587,1.089873628,0.027666988
1.248089881,1.165017048,1.159477184,0.015039979,1.024446593,0.993920634,0.930757222,0.03730313,1.221655228,1.252518197,1.127461948,0.026124591,1.421560245,1.116926719,1.241186146,0.027100565,0.762683864,1.338793047,0.879844111,0.033176344,0.694827858,1.021027999,0.948440129,0.028948482,0.952415046,1.021117316,0.871939947,0.037943333,1.087838102,1.047931755,1.309785779,0.033050332,0.775661422,0.784370318,0.564654863,0.034986448,0.833631926,1.017597869,0.611320777,0.035784174,1.235015263,1.393795129,0.706311645,0.03453503,1.084590964,1.103024194,0.698726464,0.037841447,0.846121469,0.978114676,0.969415246,0.04003948,0.659510332,0.976991996,1.19850642,0.04320127,1.057057076,0.943911499,0.901712559,0.029892353,1.303992888,1.27864047,1.400830229,0.029754685,0.63107627,1.066436423,1.185456477,0.029151758
0.776905603,1.339415137,1.06894311,0.015131755,0.677481858,0.83918439,0.710957282,0.037020806,0.64276871,0.719748514,1.038859345,0.030078653,1.274795235,1.116738725,1.061609703,0.027170982,1.016985193,1.102414107,0.831560492,0.03237908,0.96899508,0.822706563,0.616530724,0.027028136,1.298202615,1.322033299,1.058291619,0.03663428,1.042596777,1.177332792,0.596504476,0.031934135,1.092874572,0.923871338,1.217264601,0.03370555,0.982219011,1.013848219,1.32306174,0.035316467,0.873516997,0.809182832,0.754912129,0.035124417,0.769077985,1.03773832,1.041497691,0.038095932,0.789465357,0.979911719,0.868391141,0.04016889,0.736109859,1.109091926,1.429908136,0.043035287,0.943590517,1.003239012,0.998025464,0.02941253,0.969657612,1.226232007,1.331305632,0.03171318,0.714249364,0.878576829,1.336272089,0.027839132
0.817838119,1.354104249,0.901858087,0.016933601,0.823896908,0.808109824,0.638310273,0.037552573,0.85924606,1.158647652,1.068851207,0.028046465,1.316628411,1.052478067,0.936074866,0.0259133,1.146633842,1.407507578,1.023669493,0.030497124,0.68836153,1.1192214,1.24289542,0.029063892,1.035267502,1.116420483,0.582471412,0.03775841,1.21962011,1.128167041,1.317631265,0.0322744,1.038680731,0.996996787,1.324796059,0.034069713,1.222623287,0.88708025,0.576373836,0.034687165,1.048777215,1.319504033,1.353653025,0.034029655,1.18572907,1.169668426,0.914393382,0.03711059,1.230324776,1.13839337,1.101906442,0.039134674,1.362389504,1.331683249,1.074224627,0.042017724,1.127446305,0.983916444,0.924182444,0.028949594,1.032831782,1.140425477,1.245691033,0.03059697,0.670962793,1.221175274,1.118126474,0.028225288
0.80229641,1.277474161,0.898431376,0.0125305075,0.904530501,1.22615797,1.251548384,0.036134757,0.697693267,1.269458597,0.785220285,0.028816229,1.152072297,1.01915886,1.002082983,0.027274536,0.934453821,1.366785338,1.143877007,0.032090217,1.32340439,1.218605387,0.689500326,0.02476895,1.182588256,0.848278989,0.852383211,0.035880025,1.122119314,0.903685215,1.316753587,0.03143144,1.096529922,0.7407846,1.210180578,0.03293093,1.076569971,0.69511822,0.796234387,0.03491474,1.261967165,0.906556346,1.180213471,0.033903297,0.96401667,0.913950897,0.948793525,0.037220154,1.059353798,1.325838963,0.921107636,0.039567508,1.254966804,0.905794457,0.539909933,0.04210251,1.073329215,0.790906956,0.966636796,0.028556947,0.830718291,0.964296005,0.80715513,0.031356562,0.899116732,1.024630364,0.564098837,0.026964724
1.15304118,0.994902887,1.081186656,0.015243756,1.099747961,1.221904822,0.981656136,0.03723345,0.823296358,1.212655085,1.035537702,0.030019129,0.95938497,0.602046166,0.706120872,0.029696397,0.997047,0.814285856,0.865808068,0.0316791,0.637020346,0.605723444,1.118427991,0.0290721,1.186639983,1.028652026,0.75915706,0.03734766,0.987054918,1.031756313,1.048489169,0.033768557,0.753620187,0.992898643,0.995200752,0.03537209,0.707972003,0.892660198,1.2983222,0.03677631,1.017023108,0.852441466,1.041513918,0.035776984,1.00218038,1.116045841,0.700658223,0.03810002,1.178168681,1.028698042,1.41004659,0.039604813,0.681169993,1.017260592,0.948728791,0.043236956,0.925408634,0.906892946,0.88116237,0.030757964,0.995790018,1.180646783,1.409817397,0.03274461,0.860779565,1.208979268,1.399163519,0.029501611
1.354181728,1.193994196,1.152355078,0.010711439,1.053007961,1.324330458,1.214500994,0.035911426,0.917013031,1.176400701,0.85843825,0.027954984,1.335478149,0.929052727,0.928922988,0.026783789,1.108330189,0.73853246,1.091919013,0.031294372,1.379339188,1.220768261,1.208358531,0.024308193,1.248253981,0.834168616,0.707740413,0.03574412,0.859838429,0.746707881,0.626063949,0.031989135,0.983963341,0.966728375,1.094492977,0.033449426,1.128771696,1.052632748,1.052844235,0.034868576,0.952122261,0.930844795,0.739384283,0.034652673,0.982847026,1.365824782,0.77544548,0.037407927,0.994829969,1.13620649,1.15604404,0.03959801,0.777679131,1.190231811,0.74444871,0.042911947,1.0868536,0.941195037,0.935148444,0.028776389,1.083625328,1.236576243,1.153812331,0.030390766,1.242834843,1.181526433,1.119927948,0.027001029
0.754550492,0.531929958,0.67276712,0.013629677,1.241765931,1.416027514,1.303619353,0.036202833,0.825437893,1.359941806,0.956907903,0.028149184,0.869465647,0.573098636,0.875663719,0.027161565,0.870356999,1.230040496,0.820406031,0.031997215,1.093428917,0.75302599,0.703189631,0.025913473,1.32532802,1.125204287,1.372728682,0.036277723,1.027086993,1.055823211,0.605542239,0.031039428,0.795608572,0.814570953,0.9799875,0.03329274,1.331561401,0.938345526,1.404942335,0.03434795,1.034860912,1.119958045,0.576021013,0.034094807,1.348964457,1.183272376,1.194679394,0.036697637,0.846943568,0.7908092,0.58379205,0.039590143,1.114870498,0.913160335,1.226057765,0.04238949,1.088864369,0.740105622,1.155628788,0.028031163,0.900698174,0.855478105,0.980098081,0.030606369,1.008601987,1.151729093,1.21591914,0.026543774
0.746352773,1.312772849,0.956786909,0.016373966,0.885617689,1.156569253,1.18905467,0.037203398,0.913835393,0.7731379,0.979451346,0.028052393,0.892817566,1.119481636,0.695423102,0.028066423,1.307419009,1.260089604,0.874507506,0.031044437,0.753328232,1.176889597,0.986606215,0.028250335,1.116983919,0.789941219,0.695744257,0.0371516,1.23649812,0.934012631,0.981669447,0.03189652,1.125146281,1.179170864,1.153498574,0.033237677,1.193366542,1.065720777,1.452896552,0.035204556,1.02280852,0.695657789,1.069815432,0.03458172,1.07422394,1.08804485,0.630303582,0.037359055,0.891600067,1.107208356,0.726154591,0.03985828,1.028954987,1.198852356,0.587773844,0.042571217,0.840619396,1.140669549,0.898889923,0.029280681,0.795263365,0.758445646,0.719956495,0.03155789,0.96081498,1.13388128,0.660463739,0.027099999
1.025103884,0.851016142,1.012674958,0.0129459,0.835725957,0.847914786,1.213058534,0.03670345,0.958395679,0.811546537,1.210525562,0.029545898,1.043888886,1.284252053,0.986281443,0.029124023,0.764381406,0.836153987,0.781003233,0.0326978,1.15308102,0.783888218,1.41258914,0.025975596,0.837409078,0.688758123,0.64086924,0.037174933,0.578135979,0.959956645,0.860726304,0.033582937,0.964268121,1.091023726,0.930539634,0.034235988,0.74159292,0.868259455,1.364419843,0.03652955,0.905276341,1.317123162,0.975062535,0.036267083,0.73779395,1.072007397,1.32338778,0.038377803,0.821207684,0.781081399,0.609934281,0.039933335,1.286931133,1.117167574,0.807660803,0.04220909,0.882823643,1.194673153,0.892177431,0.030422146,0.924171131,1.001739411,1.183585751,0.03283439,1.06089473,1.026304792,0.743260731,0.028456384
0.588029081,1.083717491,0.678179826,0.013471746,1.114639102,0.84931304,1.100763179,0.036125053,0.936291921,0.674956688,1.17903476,0.028963497,1.333540737,0.831494912,1.111792282,0.027101483,0.879080015,1.336309342,0.970392987,0.031868454,1.276137438,1.20826978,1.422220798,0.025310345,0.995791505,0.769715387,1.402850794,0.036456767,1.162399209,0.889642092,1.252982284,0.031450436,0.863535305,0.641739315,0.752267157,0.033731468,1.013925627,1.127597857,1.209610314,0.03519825,0.753391498,1.333273004,0.902918856,0.03539654,1.215294297,1.004588168,1.448251049,0.03699151,1.21120688,1.205956022,0.737638691,0.03935406,1.020614237,1.07174167,0.821120608,0.04259401,1.131430826,0.981687543,0.846289749,0.028433569,0.985276873,0.851414287,0.626094427,0.031004071,1.144214907,1.061268391,1.018286405,0.02691366
1.148892154,0.798934298,1.022009715,0.012680696,1.263141161,1.195350141,1.036667739,0.036058597,1.094210695,0.624797337,0.784725486,0.027701244,1.138918483,1.006307844,0.893167721,0.026805313,0.903316105,0.85924381,0.962584738,0.03151002,0.992326786,0.716587122,1.084289465,0.026171062,1.244019626,0.933555808,0.72005648,0.0364931,0.812005014,1.215750914,1.148327155,0.03221683,0.990015244,0.835086156,0.790951193,0.033699468,1.115937686,1.129191536,0.851592947,0.03483304,0.871740702,1.297954866,1.255573892,0.035162073,0.892717758,1.195466205,1.452468816,0.037755728,0.912028729,0.91827419,1.074972811,0.03951875,1.299578838,0.971853286,1.105992503,0.042182956,0.945044573,1.221778206,0.732013988,0.029378036,0.935918591,1.18813554,1.090130729,0.03095896,0.878192938,1.024191884,1.263473836,0.02769555
1.398032144,0.659168849,1.257143764,0.013318376,1.311482006,0.852192333,0.851784548,0.03630773,0.939804139,0.747500998,1.018422759,0.027555253,1.191258788,1.220526116,0.949594982,0.028320828,1.050255101,1.03540817,1.207631213,0.030584535,0.741747306,1.113767878,0.559478669,0.027531907,1.239838417,0.711222173,0.763023523,0.036944594,0.969143422,0.992384336,1.442909896,0.032784075,1.108735878,0.908563345,1.144460056,0.033697397,0.800146705,0.652009384,0.726853116,0.035984922,1.041230192,0.826242884,1.329050935,0.03447613,0.808338404,0.92055927,1.088957424,0.0376446,1.375217506,1.183115476,0.683348861,0.03893036,0.898347762,0.847715068,1.35591787,0.042729378,0.839399608,0.802738363,0.96231135,0.029860875,1.1501273,1.091360455,1.046351163,0.029930178,1.013965319,1.247550843,0.846509384,0.027741253
1.179783759,0.633727004,1.271190029,0.013466109,0.825784437,1.16237051,0.913915442,0.03674731,0.977322783,0.892418789,0.839392331,0.027680486,0.952298174,0.896584786,0.899971014,0.027726397,1.172482966,0.77765775,1.059456891,0.031197682,0.966201579,1.055646116,1.330673967,0.026653636,0.840790652,1.037121356,1.006283995,0.036833964,1.019852414,1.17530253,0.915255104,0.03197575,1.172525654,1.300030171,0.773797508,0.03396515,0.96405461,0.829746081,0.775952642,0.035127442,0.964261339,0.728211222,0.928661714,0.0346698,0.965799178,0.760942825,1.369418914,0.037409373,1.038774961,1.022672338,0.668437165,0.039575838,0.762041457,0.846553324,1.406109604,0.04295871,1.273298398,1.107425791,1.321677565,0.028358912,1.030529484,0.833435009,0.900223614,0.030641638,1.132607321,1.005903325,1.346190319,0.027232347
1.188480637,1.365392169,1.05033068,0.012633316,1.038296575,0.886472156,0.809211858,0.036516324,0.926297356,0.759769344,1.123177297,0.029691909,1.0125765,0.841831404,1.222613751,0.028801307,1.266010408,0.795708382,0.960176102,0.029804343,1.081080889,1.083450303,1.250597454,0.026279265,0.72516954,0.768831479,1.297332322,0.037330125,0.877887911,1.173961229,1.323504807,0.032735527,0.741404311,0.747964224,0.754676346,0.034133174,0.925895144,0.933233071,1.421144052,0.036062617,0.775142571,1.228105681,0.885249717,0.035979863,1.311736438,1.207280119,0.986677197,0.03690468,1.072051172,0.728328318,1.266169981,0.03913485,1.162797467,0.83605006,0.612085585,0.042369094,1.314516898,0.894523145,0.993288119,0.028381001,0.845017035,0.725517974,0.633962349,0.03246063,1.216737971,0.729733096,0.701127075,0.027289785
0.991268499,1.120095501,0.852773314,0.012937628,0.823056676,1.173081611,1.08923795,0.036782946,0.804731487,0.718796951,1.191873201,0.028850084,1.037848934,1.163300367,0.761511974,0.027416933,0.747084957,1.241494791,0.842319608,0.03243223,1.250510748,1.054374462,0.842057984,0.025905624,1.168841474,0.969570276,0.772075702,0.036740083,0.781687036,0.710359784,0.932044175,0.033172123,0.749667301,0.944460844,0.914971656,0.03518477,1.08939067,1.081679664,1.203352355,0.035100684,1.076192782,1.141215536,1.404655149,0.034836344,1.192870251,1.026937896,1.229091735,0.037398692,1.107748688,1.017732773,0.787666129,0.039490845,0.797874841,0.714557132,0.93256397,0.042983204,0.684666465,0.836699205,0.690395876,0.031212084,1.146629029,1.232456945,1.368307117,0.030437905,1.123318305,1.001416468,0.827191164,0.029196212
0.762069681,1.003781408,1.02232298,0.016129196,0.826147709,0.947181221,1.185393001,0.037400063,1.344558376,1.171747482,1.246309011,0.026667634,1.262682515,0.911285966,1.147227432,0.028155923,1.297427882,1.157443144,1.070659471,0.030817809,0.854489429,0.963861407,0.748651108,0.027995022,1.280850246,0.985643769,0.561646569,0.03701429,0.931286449,0.977132482,0.877648122,0.032494057,0.878568924,0.833647134,1.264071143,0.033641376,0.872154846,1.08970154,0.723701321,0.036082998,0.928343458,1.115898249,1.031573269,0.035117727,1.160847327,0.715322727,1.34394783,0.037179723,1.050763837,1.235564414,1.146252372,0.039648034,1.374321066,1.02897908,1.076764206,0.04204494,1.23459747,1.320224188,1.252280468,0.028308248,0.977665062,1.145445005,1.238451363,0.0320811,1.179419944,1.042608192,0.905318426,0.026785402
1.138231034,1.385267013,1.109558755,0.010892957,1.253808158,1.036312704,0.86676582,0.035741813,0.721868856,1.27512018,0.868132,0.030943194,1.025170889,1.039841607,1.003995844,0.02946159,1.316812279,0.776633891,0.991817535,0.029836638,1.415454096,1.104984249,0.770152609,0.024364473,0.961140321,0.810158792,1.105974502,0.03616494,1.064980573,1.204369682,1.455059423,0.032174043,0.822218299,0.904576392,1.133055191,0.03394908,0.583933611,1.121567547,1.083295204,0.03631521,0.948781098,1.219527397,1.010367441,0.03574438,0.995476155,0.873147361,1.427459453,0.037332695,1.181721973,0.971749773,1.334001659,0.03910726,0.698961264,0.739849641,0.576893119,0.043078773,1.134814284,1.046574622,0.774783002,0.029185396,0.916724796,0.850166283,1.03366986,0.033060238,0.759951595,1.067987928,1.356812414,0.028201418
1.189518502,1.225556281,0.965194255,0.012979414,0.922646356,0.803055413,0.850297833,0.036461446,0.837882009,0.828482513,0.767585123,0.029107306,1.097750095,0.73720979,0.810614719,0.027764957,0.808507944,1.242325291,0.641678609,0.032254532,1.027418953,1.138350599,0.941419695,0.026166659,0.803081189,0.900062524,1.089120439,0.037160486,0.954703281,0.882860209,1.103124675,0.03163342,1.181124435,0.888871839,1.006727912,0.03321229,1.063687636,1.071618197,1.178988589,0.035482667,1.171396277,1.297705068,1.108258402,0.0347617,0.667475464,0.7887411,0.90465511,0.037962016,0.900283388,0.840950677,0.945685541,0.03962518,0.701436612,1.180081514,1.230577809,0.043088287,0.947784987,0.734529905,0.923430079,0.028826447,0.731693995,0.956163751,0.765654775,0.032452874,0.750651538,1.130804881,0.973173046,0.027055608
1.336068905,0.669472946,1.176850263,0.011806686,0.971423335,0.90357901,1.258785846,0.03623652,1.263474929,0.836553788,1.095478275,0.025818849,0.820993418,0.782926541,1.082651462,0.02830996,1.223082213,0.725227463,1.117411755,0.031219749,1.11205756,0.646179523,0.713083913,0.025597023,1.094073192,0.773205952,0.622184197,0.036411557,0.711549549,0.709600932,0.767913118,0.032691345,1.026733179,1.272600635,1.154631016,0.03395343,0.895236315,0.735109599,0.909209209,0.035303727,1.244314183,1.044650256,0.981125811,0.03410073,1.115463745,0.793652175,1.308642143,0.03708864,0.836323573,0.86979897,1.161989062,0.039689507,0.83200245,1.113896973,1.325084624,0.042800173,1.048697829,0.996181104,1.247871601,0.029380133,1.04618527,1.282172112,1.390429145,0.030758034,0.952333835,1.139316854,1.26049162,0.028244922
0.891540666,1.168113629,1.184006639,0.014341241,0.769198484,0.966124279,1.311711839,0.037427522,0.86150086,0.960159954,1.138013619,0.029407825,1.39225659,0.752994539,1.160872765,0.027273031,1.221389005,0.672611297,0.899428454,0.03143448,1.057523789,1.273250007,1.35278833,0.027087972,1.241071269,1.329180245,0.950523391,0.037079442,0.934420507,1.084840307,1.134497056,0.032798447,0.601693904,0.94588582,0.762127867,0.03559365,0.852239539,0.760068423,1.331347433,0.035772674,0.733653671,0.620455998,1.235933311,0.03590181,1.205767892,1.238083562,1.43306505,0.037710782,1.055709567,1.300565928,1.266249595,0.03995106,1.412591556,1.326185091,0.777726916,0.04213043,0.799130916,1.295779414,0.997250444,0.030755628,1.158752133,1.323587028,1.331970696,0.03113066,0.996936743,0.918729404,1.049300901,0.029107735
0.805349512,1.015902923,1.128025589,0.015681708,1.049654026,0.993328771,0.838049335,0.036759168,0.754215563,1.158335472,0.801615538,0.029361937,1.264693834,0.719883502,0.881655312,0.028151697,0.942930053,0.676674527,1.092014059,0.031013198,0.778068369,0.708498804,1.088517374,0.02787051,1.166726372,1.327848276,1.213233243,0.03715832,1.269984633,1.004419508,1.308171788,0.031854045,1.149458866,1.093829853,0.937703998,0.03356109,0.725573257,1.046873304,0.692156203,0.03597193,1.110871277,1.135275263,0.754378939,0.035006046,0.707627291,0.869936831,1.257762215,0.038020227,1.187325534,1.031249891,0.77280837,0.03915839,0.656343512,1.307661901,1.176568311,0.04312774,1.039709991,0.688394281,1.090557496,0.028862735,1.243798614,1.092769473,0.962657175,0.0303788,1.120615894,1.261307982,0.591790608,0.026919097
0.633246427,0.68505922,0.978161415,0.014757556,1.112896408,1.096170075,1.265249373,0.036391187,0.701748185,0.891793909,0.711681898,0.029029444,1.237746951,1.230843581,1.3020408,0.027673448,0.868616508,0.915865726,1.065459356,0.032016326,1.050833421,1.331972225,0.673764815,0.02651345,1.142708973,0.977586487,1.437656428,0.037050594,1.162585187,1.229231652,0.678813336,0.031927772,1.128222381,1.229103071,1.060550701,0.033000372,0.933390139,1.24064573,0.540312365,0.03550623,0.897560319,0.753102245,0.981483644,0.03467759,1.388805581,1.211662637,0.636684855,0.036689553,1.08610355,1.252385821,1.163859675,0.039532144,0.80458068,1.23675181,0.827869052,0.04286478,0.987171265,1.107617952,0.902773184,0.02899581,1.186757768,1.185870804,1.120635249,0.030062458,0.666425489,0.600599189,0.535322263,0.02755008
1.283221152,1.366953339,1.042246068,0.011223524,1.200381496,0.915497542,0.873411023,0.035567075,1.221494797,1.066784977,1.253589557,0.027192736,1.253665047,1.103178428,0.948254552,0.025887083,1.30859593,0.747051232,1.193144467,0.029799545,1.196047969,0.798434603,0.832876712,0.02466969,1.066151024,1.353597548,0.858836374,0.035939448,0.877473954,1.038376383,0.70280808,0.03163017,1.338554293,1.310890729,1.013074007,0.032630596,1.289463703,1.232251087,1.356068422,0.03411302,0.946089587,1.231676313,0.588436604,0.034986768,0.632958319,0.84589473,0.808005443,0.037591465,1.011512512,0.91454803,1.161528213,0.0391246,0.986536869,1.307152261,0.991943393,0.042503882,1.226450333,1.249931637,1.148926936,0.028171785,0.876811781,0.643309416,0.570629272,0.030495547,0.76369485,0.969371104,1.223273659,0.027034303
1.399163109,0.928653366,0.984612278,0.013242509,0.947778134,1.056750041,0.931762704,0.03690794,0.649853698,1.116175777,0.964097767,0.029658139,0.826770639,1.015108737,1.043659936,0.028552817,1.407955103,1.39949692,1.310829813,0.031081127,0.883597066,0.631406115,0.761880847,0.027301643,0.845384608,0.797702956,1.231334314,0.037217014,0.863350902,0.946847069,1.192925393,0.033482365,0.845036721,0.900397282,0.711772631,0.035332825,1.166879666,1.009846568,1.265782899,0.035548136,1.285929184,1.00027143,0.93853488,0.03464407,0.797227308,0.797208892,0.712000471,0.038269505,0.623585124,0.618352618,1.294704874,0.040215828,1.326590478,1.046336844,1.060494984,0.04221176,0.728240502,0.95520612,0.981958714,0.031222112,0.783204587,0.658441004,0.702631793,0.032040663,1.123497537,0.942830109,0.854843848,0.029215813
1.127343145,1.355373244,1.20286652,0.012438633,0.943954736,0.931692875,1.156211344,0.036265016,0.965979668,0.783657495,1.150296002,0.027200181,0.849269029,1.284140399,0.71848299,0.027849145,0.952595687,1.099437811,0.760631678,0.031240204,1.14270697,1.23950596,1.026348974,0.02556465,0.822848115,0.987627656,1.451149765,0.03684267,0.799026205,1.186161556,0.619155367,0.03196787,1.156764896,0.989709366,0.931122294,0.032745603,1.206039234,1.324384432,1.126749882,0.035017975,1.311489339,1.335031155,0.732592564,0.033824634,1.076122883,1.334959858,1.226469594,0.03707975,0.99811181,0.870585494,1.017369434,0.039246235,0.911345808,0.721290697,0.708613752,0.042621925,0.967636894,1.099488016,0.996704724,0.028765315,0.941860311,0.941530515,1.065514681,0.030444952,0.74635458,1.181770297,1.176784814,0.027088845
0.843325499,1.227455569,0.767454876,0.015029753,1.105143197,0.927399373,0.741515462,0.03640048,1.404057142,1.400568924,1.059281122,0.026047805,1.131784621,0.828123495,0.849404309,0.026748735,0.814398937,0.868370863,0.86905071,0.03290529,0.869339848,1.35598433,1.383914053,0.02727726,1.223788734,0.981464957,0.639470879,0.037066143,0.920753462,1.204064139,0.606913875,0.03166566,1.265484964,0.822415381,0.795671213,0.032734327,1.262212139,0.93613946,0.660004904,0.03466372,0.847356703,1.308249191,1.312042068,0.034979485,0.799675001,0.884716412,0.909890796,0.037746076,0.886763263,1.011869407,0.777088207,0.039931785,0.611896708,0.630826366,0.73439212,0.04318718,0.888214079,0.82368467,0.995606546,0.028759243,1.051072662,1.020428532,0.829651265,0.030112388,0.902469029,0.829687534,1.068878897,0.02664441
1.337529713,1.202081327,1.25928227,0.011360436,1.282647727,1.10547368,1.04312692,0.03596017,1.367945625,1.161761238,0.97426805,0.025769766,0.927384139,0.758091805,0.804717633,0.027798707,0.977668186,1.037908596,0.919214779,0.031041196,1.177802981,1.278270666,1.003146489,0.025156973,1.318240017,0.74527295,0.985998754,0.03574774,1.149819253,1.046920048,1.025311102,0.031533565,0.757154545,1.040834449,1.329359669,0.03369215,1.093411568,0.959296145,0.848993173,0.034807887,1.125171217,0.682727726,1.16467879,0.034205183,1.213957074,1.257903351,1.414910923,0.036908437,1.224012878,1.224381533,0.874877495,0.039090235,1.269471052,1.0849523,1.312860478,0.042100526,1.115835948,1.113587304,0.944781882,0.028410524,0.836219339,0.706834201,0.672225053,0.030695915,1.377326957,0.718151501,1.451257486,0.026560782
0.699019901,0.763074297,0.599284722,0.014791161,0.889394363,1.024442486,0.933679752,0.037050374,0.668171115,1.296326364,0.914966202,0.029675731,1.078011954,1.107294531,1.236128731,0.02702882,1.309785489,0.765144657,0.761130809,0.030442337,1.050258938,1.130995875,1.395895201,0.027224058,0.779476674,0.716336116,1.044213763,0.03758825,0.686647776,1.143463435,1.146416674,0.03368305,0.820837773,1.056174113,1.084939926,0.03532878,1.317052275,1.047525493,1.109560757,0.035177838,0.974127413,0.856722483,1.072992489,0.034906797,0.835531333,1.293421501,0.662627605,0.038305104,0.975483036,0.795187561,1.013724025,0.039600812,0.985699596,0.942805883,1.074949939,0.042683203,0.76596573,0.691210117,1.041666561,0.031040084,1.079049148,1.228401588,1.409447679,0.030423399,1.197829021,1.055651112,0.811201935,0.028984992
0.704181083,1.040698041,0.825431789,0.014231905,0.788821473,0.630643365,0.675651959,0.03702694,0.896200102,1.198171424,1.154286813,0.028349414,0.971645239,0.657265084,0.72987735,0.027197631,0.856535239,0.914692074,0.874289609,0.032054376,1.176159349,1.098432592,1.1718525,0.026470521,0.795599351,1.347239095,1.078367745,0.037203893,0.690911799,0.892409114,1.398953691,0.033304557,0.75359043,0.848460787,0.619569633,0.034957744,1.403082842,1.077728019,0.916348154,0.034849014,0.969459723,0.836213824,0.824177457,0.034953475,0.804184582,0.932774145,0.560916208,0.038136367,1.010452345,0.942629457,0.593955222,0.039626013,1.348406974,0.801906004,0.873771071,0.042136252,1.278330114,1.178170884,1.047974004,0.029359126,1.069215069,1.227268059,1.282948038,0.030243855,0.826154617,0.837680945,1.228338566,0.02899207
1.029911326,0.778508937,1.22595812,0.015202658,1.034215443,0.838223135,0.747954649,0.03676106,0.800497321,0.880475771,0.948680939,0.02871555,0.745492013,1.238746133,0.975775301,0.028293146,1.247038895,1.382131067,0.823456147,0.03133549,0.707127872,0.897642707,1.000325858,0.028300436,0.822959023,1.232656283,0.56015023,0.037776254,0.837303568,1.285644011,0.763361709,0.03321058,1.206411194,0.952411341,1.120051763,0.03313377,1.223790978,0.741093432,0.880619705,0.035248023,1.219682805,0.859965222,0.78486534,0.03472499,0.869289843,0.995508092,0.767150883,0.037715964,0.798877463,0.955268193,0.617459033,0.03992172,0.898501235,1.185185312,0.565244773,0.042762298,1.009132667,1.109944572,1.041818684,0.029227406,0.9911942,1.040295331,1.2113895,0.030789915,0.996731227,1.080483968,1.171677081,0.027456263
0.973537848,0.864760373,0.690906026,0.014307312,1.400155862,1.195364353,1.188986045,0.036379527,0.970924297,0.571090125,0.876696103,0.02841768,0.64606064,0.658846825,1.042357141,0.02973663,0.648329286,0.598625999,0.938041683,0.033408787,0.858470553,0.655868086,1.073529991,0.027322501,0.814752363,0.854603902,1.006978805,0.037270162,0.960881399,0.732387776,0.988760746,0.03207134,0.858834355,1.26094767,1.293868879,0.034226485,0.993515453,0.992059518,0.791078978,0.035735805,0.834779807,0.998710545,1.231823271,0.035790406,1.332281781,1.077660003,1.14371216,0.0371032,0.869793386,1.080506613,1.016991291,0.039959386,1.428189274,1.100639024,0.728626362,0.042010393,1.154634658,0.742094065,1.261724366,0.028616006,1.223617037,0.954420527,1.033087017,0.030264875,0.937883147,0.734206414,1.368315488,0.027594604
1.188202701,0.688125405,1.357789149,0.0133930575,0.898364354,0.888281314,0.955485871,0.036771815,0.754365654,0.613186923,0.861486863,0.029871115,1.267343969,1.344611722,1.242884257,0.027675597,1.07755971,0.972348913,0.954794237,0.032198995,0.920776624,0.779528002,1.15281354,0.027132113,1.077646793,1.102478932,1.372967785,0.037272163,0.634203772,1.110817678,0.698082436,0.033405926,0.86049821,0.82016366,0.90057218,0.033944808,1.067842368,0.834659695,1.034805183,0.035699178,0.79691822,0.725302337,1.28804782,0.035883844,0.891464106,0.788619557,1.256034601,0.03790097,0.904531507,1.018081061,1.134103595,0.040104993,1.395047423,0.768793318,1.069031064,0.042042993,1.001260046,0.976149,0.908525185,0.029669253,1.122174033,0.974457234,0.903372738,0.030353587,0.937749273,1.222280677,0.617211104,0.028160214
0.81263991,0.953973314,0.839449462,0.015469518,0.866729067,1.018333876,0.868749928,0.036913406,1.353735135,1.396565507,1.253257971,0.027302247,1.31389968,1.096648952,1.219106065,0.027744737,0.907605323,0.836691456,1.030568289,0.032497223,0.873854655,0.992369452,0.739355236,0.027596788,0.586703368,0.836721584,0.581319114,0.03786175,1.104131095,1.108029759,0.702697272,0.03240457,1.334592865,1.041000546,0.731749183,0.033152558,0.881467737,0.833389694,1.195407864,0.03589392,0.84534366,1.175881338,1.163476904,0.03589147,1.053714435,0.791661132,1.01571718,0.037332796,0.661246218,0.666316712,0.558388436,0.040097523,1.353744983,0.956049938,1.068663994,0.042057533,0.958281518,1.072997659,1.029458415,0.028959608,0.864049096,1.119316705,1.277012326,0.032369554,1.332613105,0.747336992,1.090571726,0.026634285
0.807052252,1.235284303,1.096814543,0.016027423,1.230571275,0.964972008,1.378687857,0.036705524,1.276985553,0.739312947,1.120385641,0.027138803,1.148856446,1.164859206,1.223400135,0.028294927,0.839921854,0.660759444,0.918898561,0.032926366,0.649932771,1.119304568,1.038793708,0.028665164,1.055309749,1.186927077,0.738838468,0.03739954,1.393905459,0.940175358,1.253810969,0.031912215,1.245646971,1.305113892,1.10542371,0.03390371,0.83537618,1.002691526,0.966757366,0.035882507,0.803244649,1.062291056,0.757919812,0.03584186,0.925450407,0.874183874,1.143160811,0.037876584,0.825986538,0.776845871,0.605273291,0.040132303,1.182105629,1.150895898,0.645849112,0.042442143,0.925329833,1.222481409,0.827593299,0.029437067,1.047629908,0.954119373,0.842021413,0.030856434,0.812971582,0.797122653,0.91720003,0.02771941
1.047052509,0.919727238,1.237867757,0.014399158,1.223807781,1.024943663,1.046158114,0.036561336,0.572770377,1.382026905,1.04263227,0.0319268,0.711252237,1.126872652,0.989120474,0.029991632,0.908160582,0.781061654,0.881969593,0.032546025,0.8062319,0.649969891,0.802570473,0.027634442,0.996463963,0.992001882,1.386512,0.03716203,1.336512726,0.933687205,0.975444011,0.03192628,0.966623792,1.059928748,1.163687666,0.034542825,0.866970366,1.010076102,1.004081966,0.0359725,0.7116431,1.259876597,0.637620697,0.036122482,1.21361785,0.981215754,1.029188906,0.037327226,0.992849434,1.195140875,0.925741656,0.04003274,1.282888068,0.861698215,1.425942414,0.042306095,1.207369562,1.313802887,1.002970526,0.028971437,0.960187052,0.858412714,0.717348575,0.03190038,0.662987266,0.611991166,1.086421006,0.028393852
1.021252383,0.952748641,0.907673804,0.01400788,0.792212353,0.993117757,0.895623231,0.03677379,1.20255291,1.252665974,1.047653864,0.026361566,1.205918983,0.728778359,0.880241302,0.026096048,1.211398971,0.981962106,1.073896295,0.030940205,0.922753062,0.699483592,0.622283926,0.026669517,1.090289998,0.871508394,1.245883143,0.03643509,1.147337491,0.987544207,1.017510379,0.031263232,1.013915548,1.138681541,0.73978438,0.033008106,1.117610118,0.952267732,1.059074684,0.034293573,1.004224697,1.072891288,0.695285477,0.034438446,0.702817348,0.832106788,1.328338773,0.03790164,0.939002626,0.93402938,0.884138301,0.039594553,0.853004549,1.232423197,0.669609963,0.042784907,1.390353999,0.884791197,1.175921171,0.02732016,1.006914636,0.786816808,0.653509227,0.029668082,1.307125064,1.414267186,0.575993289,0.025712019
0.978296331,0.984206288,0.932837622,0.013812416,0.985713459,1.100422972,1.188184427,0.03662177,0.98666637,1.358840213,1.150611241,0.027864069,0.938521503,0.982870044,0.991414723,0.02917322,1.023641583,0.590492683,0.845941501,0.03226046,0.972654814,0.750254343,0.759258558,0.026788542,0.742910083,1.231217732,1.42133832,0.037087157,1.199758162,1.176574741,1.003829735,0.03228221,0.871428602,0.755871441,0.585208892,0.034149397,0.831088439,0.847676158,1.15459977,0.03597262,1.000475387,1.017595416,0.701996163,0.035339393,0.699541923,0.763103853,1.375919133,0.038263973,0.928487508,1.085931866,1.286395755,0.04003838,0.99825752,0.844666825,0.89911899,0.042606708,1.073553065,1.245166951,0.947114597,0.029043669,1.291688734,1.306482646,1.291124605,0.030200507,1.402654793,0.797112513,0.702898915,0.026969125
0.654445696,1.160291022,0.804735897,0.017235827,0.724732972,0.690733305,0.684099108,0.037707236,0.745739957,1.115912567,1.142431292,0.028597688,1.288462884,1.155498748,0.910935233,0.026655216,0.674417305,1.260643701,1.134967014,0.033745628,0.786313517,0.831998578,1.421223635,0.028890988,0.76781345,1.236666488,1.105629636,0.038078867,0.966781393,1.236410645,1.264423322,0.03292178,0.848377376,0.975030394,1.253401792,0.035022292,1.011923307,0.895063907,1.461752967,0.035288595,0.96925754,0.857741261,1.359228547,0.03464517,0.702476716,1.140931293,0.93213144,0.038675316,0.997979962,1.227923127,0.633668394,0.040122148,0.835472548,1.172646633,1.269373805,0.043031923,1.340348015,0.982923221,1.119349671,0.028727915,1.214746795,1.297343883,1.306838714,0.029702792,1.330396075,0.881005435,1.277716952,0.02755597
1.222079597,1.297418071,1.323684121,0.013312054,1.158670407,0.723127646,0.809257204,0.03660623,0.613535265,0.723306431,0.721737432,0.031282466,0.772401183,0.688446248,0.957098583,0.02819061,1.348476086,1.024982359,1.107917773,0.030510204,0.88534461,0.833168076,1.312034601,0.027140807,0.670131606,0.958793119,1.296838488,0.037545133,0.912983419,0.826476135,0.906034146,0.03216455,0.745103014,0.897369281,1.187167899,0.03436569,1.157985224,1.249186908,0.849486047,0.035203762,0.847917021,1.129856951,1.398976482,0.03561969,1.082099641,0.931710445,1.288000955,0.037549753,0.90370416,0.981675253,0.680957394,0.03969284,0.608388885,0.863063086,0.68588324,0.043259017,0.938453558,0.849031641,1.015252121,0.029316781,0.741122686,0.877628021,0.915902852,0.032596193,0.985516812,1.140257347,1.282905254,0.027692446
0.987253215,1.059145883,0.757276221,0.012392637,0.872594499,0.729448299,0.859946606,0.036360193,0.911579656,0.662277194,0.929382333,0.029420814,0.626876664,0.804727375,0.817564277,0.031076046,0.955798613,0.866575027,0.983968977,0.03083148,1.228115353,1.013826858,1.098584337,0.025153114,1.065834407,1.089910827,1.448152942,0.035996567,1.313404008,1.273646982,0.839028311,0.031366553,0.99706583,0.999864789,1.029419387,0.033866424,0.615956722,0.573117987,0.756359752,0.036454648,0.796190255,1.199728913,1.056445423,0.03559167,1.098111956,1.019911828,1.244710455,0.037288383,1.097739859,0.876926342,1.013707684,0.03916472,0.615031631,1.129899405,0.548031445,0.043134876,0.825870258,1.25962268,0.891963294,0.029545512,0.749556488,0.691767296,0.63924486,0.03323483,1.239404938,1.139328997,1.03810819,0.027128054
1.368023576,1.240800868,1.154790219,0.012437799,0.888317156,0.867549948,0.716263773,0.03647108,1.213730053,1.271406943,0.841005473,0.02638416,0.934837483,1.000411017,0.995430549,0.029280966,0.918711071,1.061441554,1.188819976,0.032523025,1.008180631,1.324976077,0.917869149,0.026110694,1.131803008,0.862319277,1.348500285,0.0366966,1.115882638,1.019354707,0.813173446,0.03201385,1.171178671,1.080295529,1.254808662,0.032903496,0.72294488,0.978394551,1.047059638,0.036031384,1.072819668,0.774154907,1.03882741,0.034716602,1.071579789,1.210656189,1.172545405,0.037273087,0.919161621,1.255093252,1.264127005,0.039914485,1.340100883,1.114504189,0.976835636,0.042080224,0.688358736,1.058468626,0.949414531,0.029993827,1.066486561,1.106800578,1.146295422,0.030707104,0.672204275,0.994009937,0.629209358,0.027721873
1.014283052,1.242880156,1.240200027,0.012121182,1.060369964,1.150691323,1.061593461,0.035828367,0.943029778,1.063256739,0.913503674,0.02858739,1.09525731,1.366393502,0.935924019,0.028620603,1.26108465,0.89627331,0.898722076,0.030051105,1.187663252,0.934582185,0.932475443,0.024980927,1.07856998,0.789236341,1.12677078,0.036116634,0.822417802,0.83319328,0.619558032,0.031639796,1.357725878,1.079283411,0.7646442,0.0321085,0.696273517,0.926724091,1.051228189,0.035801712,0.756587458,0.656080222,0.712701731,0.035707388,0.854934568,0.921705946,1.249437936,0.037224423,0.918874143,0.585211964,0.963199658,0.039220877,0.688331647,1.102332728,1.121799239,0.042972054,1.307533646,1.254460531,1.39448957,0.02761554,1.197035231,0.978622838,1.128949256,0.03064756,0.811203113,1.181552717,1.365455831,0.02628248
1.040105225,0.748627585,1.027268083,0.013195097,0.813174676,0.767661938,1.040518225,0.036538843,0.845176022,1.077315551,1.029751223,0.028556908,0.728418638,0.806088869,1.169220158,0.028037082,0.825478094,1.23732725,1.193238835,0.032330412,1.091056446,1.208890779,0.768670283,0.025866508,0.967030866,0.963781386,1.146903041,0.036645405,0.678612818,1.038762099,1.116339517,0.03247869,1.305318777,1.180650013,1.004762413,0.032705337,1.197918427,0.980690107,0.71288002,0.034902044,1.020604184,0.758173147,1.084022289,0.034768134,1.101198789,1.083310699,1.116740827,0.0371702,0.870242721,0.835757411,0.965537691,0.039622176,0.787091498,0.982760166,0.905643099,0.042918913,0.918508291,1.050173789,1.076773214,0.029014807,0.953249473,0.958582924,1.105214595,0.030939002,1.280889083,0.974520133,0.712816516,0.026610099
1.091208176,1.257298543,1.140813427,0.014475738,1.183776161,1.308976082,1.086595824,0.036763225,1.073733022,1.185546604,0.975582191,0.028577661,0.744022528,0.669338553,0.916551643,0.030246602,1.271292323,1.130773808,1.284925327,0.03044422,0.764659015,1.019031005,0.828843903,0.028289275,0.831319313,0.737996129,1.224862733,0.03797249,0.813106685,1.097404941,1.361908817,0.033936944,0.983437634,0.764672214,0.822045281,0.03517369,0.87319371,0.924151028,0.546402533,0.036637943,0.597996124,0.906544554,1.200982666,0.036233783,0.731227069,1.049034345,0.67818439,0.038470715,1.204639243,0.996005658,1.00654082,0.039433442,1.089532341,1.306351365,1.017795211,0.042480092,0.778561556,0.69641177,0.939670711,0.031330474,1.079842001,0.766983328,0.687886353,0.031513628,0.705840688,1.037379925,1.192298075,0.029930755
1.036103449,0.940563411,0.798663518,0.015364685,0.731196011,0.902636632,0.700988732,0.03747323,0.748518737,0.647280734,0.86809872,0.029988756,1.009914446,0.815348063,0.821986845,0.02921943,1.199891347,1.200078436,0.974916188,0.031177543,0.83374671,1.350611931,1.06011898,0.0283128,0.910031831,1.065584686,0.788223148,0.03764884,0.794909873,1.059067155,0.974147526,0.033580475,0.882009599,0.729239289,0.786913981,0.034314636,0.720001712,0.69495124,0.933917116,0.036653735,0.891451352,0.916763695,0.560465206,0.035503704,1.083102864,1.031956584,0.990070251,0.037633486,1.046537051,1.044277819,1.303368985,0.03976829,1.310646595,1.027152773,1.342778865,0.04221171,0.882873177,0.924404497,1.013756718,0.030217653,0.965436104,1.239697566,1.145448031,0.032475054,0.912287226,0.967524817,0.689168983,0.028471345
1.034640328,0.814169232,0.810531204,0.015870627,1.134396926,1.187995319,1.065993577,0.036999255,1.085616107,1.028910667,1.191210624,0.026785111,0.783516175,1.111344402,0.886021139,0.02989,1.225279662,0.839830493,1.096839563,0.03025475,0.635521577,0.847914971,0.857751647,0.028955575,0.779458773,1.038516434,0.564565029,0.0380497,0.866004724,1.055459511,1.334596146,0.03301839,0.972830501,1.145497846,0.702159308,0.033496197,0.881624772,0.704749586,1.29459302,0.036517147,1.198128901,0.950719964,0.66334314,0.034282506,1.333687433,1.317265416,0.760194811,0.03691974,0.997061076,0.95565343,1.251539501,0.039232295,0.563363327,1.098930516,0.650176123,0.043242607,0.695023542,0.616035271,0.752108426,0.029796697,0.90083725,0.998769075,0.799268572,0.03150187,1.332831741,0.86612109,0.837087593,0.02689792
1.138344771,0.865018936,1.325512125,0.013288789,1.002751914,1.015616408,1.351898161,0.03650083,0.914029196,0.600547636,1.014964871,0.029100006,1.176791747,1.250660501,1.098988504,0.028074319,1.131582537,1.222949377,0.913202507,0.031314388,1.003254219,1.401377062,1.243670136,0.026329469,1.180679691,0.741925322,0.891299113,0.03662682,1.187681227,0.965472608,0.673022985,0.031226873,1.096840606,1.067004541,0.923667031,0.03315388,0.868385418,0.84746364,1.228484209,0.035607103,0.82339848,1.189319208,0.678117635,0.03589006,0.982344036,0.897821998,1.007484501,0.0374983,1.013087198,1.184008469,1.229995929,0.039683487,1.114488106,0.743927913,0.716729496,0.042372435,1.033590904,0.953427027,1.04699577,0.028494507,1.231181999,1.157321359,1.311343977,0.030578543,0.748425345,1.082725812,1.20027889,0.026943617
0.871710271,1.125712383,1.137956674,0.01199441,1.126110861,0.748326721,0.774988397,0.035866123,0.754601945,1.349330936,0.790365569,0.02854893,0.99090898,1.04153058,1.127212392,0.02781185,0.805057547,0.628370322,0.854711277,0.032184992,1.376453011,1.25437153,1.25184299,0.024603436,1.23364849,1.125473408,1.244216941,0.036100637,0.994514488,1.089118954,1.082292763,0.031351883,0.887368632,1.141629705,1.009231452,0.033480257,1.042383252,1.266268948,0.844052816,0.035042807,1.216479835,1.15239166,0.858065593,0.034265034,0.86006993,0.832041824,0.76173599,0.037590347,1.128627601,1.343560443,1.225127818,0.03942071,0.6337962,1.214415696,0.57529167,0.043115687,0.746670169,0.959422176,0.840265178,0.029448597,1.020480341,0.762366837,0.558118339,0.029894259,1.264716729,0.880830217,1.002570202,0.026754066
1.056936623,1.101067266,1.155557368,0.01138611,1.010193332,1.146745967,0.956881678,0.035784397,0.980506783,0.639737322,1.249606346,0.028766666,1.220708386,1.028590865,0.941621618,0.027604526,1.132029486,0.713794012,1.19215081,0.03092009,1.346708664,0.792919945,1.159316652,0.024302343,0.824457218,0.638854638,0.970160759,0.03603253,1.034041556,1.247764501,0.564151761,0.031330857,1.169157804,0.792571663,0.979070733,0.032864947,0.927525996,1.143718978,0.65813652,0.035305597,0.946167373,1.012276997,0.80507333,0.03526196,1.084747751,0.8287163,1.407900471,0.03685186,0.986277822,1.073521919,0.765898993,0.03941202,0.812860362,0.847579122,1.094319899,0.04277275,0.967948563,1.042224265,1.127934154,0.028513623,0.714642839,0.832436699,0.744928068,0.032494344,1.237830463,0.845050166,0.627487092,0.026291378
1.203709467,0.86716117,0.990332597,0.012446609,1.048728402,1.116409344,0.820306611,0.036643174,1.203012104,0.65539574,1.046152391,0.026512602,0.704435848,0.852251387,0.922664243,0.030030562,1.056325361,0.609930657,1.031239828,0.030856067,1.150654263,1.316618532,1.332371068,0.026073698,0.854903335,1.149537564,1.215735465,0.037058156,0.908242642,1.306426992,0.726166032,0.03226703,0.689131305,1.160371175,1.089345527,0.034766,0.775712961,1.121933651,1.051375737,0.036222816,1.157215967,1.183494247,1.164791511,0.034666963,0.990109413,1.071498544,1.251035137,0.03770024,1.0323298,0.914827877,1.082541402,0.039337326,1.047549034,1.031417805,0.844976015,0.0424995,1.254369103,0.930731834,0.905829246,0.028751131,1.143103754,1.04913966,1.183818545,0.030817168,0.970397191,0.759153281,1.43986217,0.027860144
0.741901184,0.901113197,1.252477299,0.01226871,0.846041547,1.215031026,1.138009079,0.03586841,1.391934077,1.192437941,1.204497891,0.025669489,0.72958689,1.063265741,0.734797262,0.027730906,1.408834745,1.33888693,0.956004137,0.028724559,1.37751853,0.735093677,1.177903797,0.024222767,1.133312749,0.997293366,1.107662855,0.035682812,1.201089998,0.779932391,0.902617846,0.03019778,1.253574003,0.835310622,0.710041087,0.031796034,1.018164632,0.925452796,0.660041154,0.03432398,1.153279289,1.066374226,0.927274976,0.033969596,1.259064838,0.794806349,0.882927291,0.03595073,1.409876555,1.341384134,1.125750204,0.038340565,0.962789417,1.009905795,1.219022402,0.042424567,0.872766983,1.138244682,1.088181256,0.027828356,1.018391566,1.19250764,1.184375464,0.0303676,1.268738335,0.707270686,0.84093539,0.025230736
1.222079562,0.659662995,1.261501834,0.013632641,1.176224965,0.869083996,0.786388035,0.036537323,1.364143199,0.911985856,1.010572993,0.025555229,0.922731378,1.056559872,0.827033309,0.028398516,0.730834832,1.12059109,0.908286021,0.033688683,0.840671109,0.757438273,0.611131149,0.027255194,0.89282724,1.085935052,1.006532099,0.03696278,1.118336031,1.018131476,1.256063552,0.032665778,0.86189222,0.934013996,0.871681604,0.034372702,1.093439308,1.282222442,1.481681729,0.03551371,1.234886777,0.811068326,1.066391486,0.034421552,0.876934451,1.045170755,0.573144315,0.038100194,0.770488022,0.998355187,1.330606335,0.040230304,1.18968355,1.232644986,1.205018668,0.04233109,0.623026672,1.28305357,0.866459729,0.031036979,0.961408963,1.012474819,1.23386248,0.03102936,0.868524847,0.930954266,0.938016401,0.028694203
0.739284875,0.609346918,0.669570704,0.015483956,1.119385745,0.866200338,1.240952872,0.03689386,0.81228295,0.658747249,0.83646689,0.029590327,0.768096987,0.864871204,1.153131086,0.029817462,0.671519099,1.024905,0.705917362,0.033470627,0.789642025,0.780291502,1.209686991,0.028003378,1.106525,1.22199751,1.193632721,0.037017457,1.289952864,1.312303741,1.174253175,0.031910725,0.7089715,1.044962622,0.896456781,0.0347617,1.065861448,1.023648226,0.602488401,0.035971068,0.810805494,0.891783553,1.340520303,0.03607816,0.732893963,0.897586716,1.08776436,0.038598724,0.794735949,0.770453788,0.698958375,0.040172298,1.307194121,0.743776356,0.594101457,0.042208757,1.374440748,0.934942737,1.188599615,0.028382499,0.985210339,0.872845755,0.633453515,0.031242298,0.996296907,0.998075935,0.996425926,0.027501417
0.815381721,1.115549624,1.090527983,0.013052296,1.215186208,1.178096681,1.197624224,0.036299165,1.110809422,1.312898304,1.160203923,0.027601805,1.039380114,1.187478176,1.049836545,0.026903236,0.795335624,0.900156884,0.827354445,0.032937337,1.181722142,1.190232897,1.28350387,0.025850499,0.889911291,0.905069881,0.773887055,0.03690819,1.206610954,1.16056896,0.69183552,0.03110816,0.692731916,0.970983077,1.09488342,0.03418284,1.344727546,1.133291507,1.196394895,0.03438068,0.916241656,1.025135845,1.236976297,0.035430267,1.240465119,0.720142317,1.420368463,0.037097882,0.691713307,0.719904952,0.911423137,0.04003188,0.690385032,0.686369158,0.640888371,0.04315266,1.149562607,0.854709684,1.136911814,0.02816028,1.091705092,1.106958728,1.226995042,0.02977862,1.103385487,0.96701031,0.949997572,0.026908062
1.016983229,1.318455735,0.679324892,0.012244632,0.620827603,0.58819035,0.727258137,0.03664127,0.732686817,0.798800289,0.926493034,0.029678946,1.136159834,0.663619494,1.017035366,0.027130337,0.779230938,1.220252398,0.924723665,0.032071803,1.337306636,0.85494685,0.767860834,0.025064692,0.748703004,0.997191403,0.830495213,0.036708888,0.684858521,0.700522085,1.073215274,0.032527287,0.805593508,0.938390209,0.674296323,0.03351365,0.933700762,0.999174963,0.594614453,0.035213154,0.840798871,0.745454186,0.66909862,0.03516937,0.786638654,1.206659209,0.954282912,0.03796761,1.143336628,1.080398257,1.414632721,0.03939427,0.840726518,0.671993634,0.66260547,0.042825118,1.105604845,0.932485958,1.104605425,0.028836945,1.058882071,1.042756984,1.214739267,0.031249182,1.163114712,1.130285204,0.820328298,0.027104234
1.447160946,1.142257153,1.200872505,0.014295675,1.131466455,1.021119404,0.956018428,0.036906574,1.01233197,0.660023102,1.200392284,0.027366528,0.712906339,1.120243865,1.051542613,0.030608248,1.031312568,0.980948466,1.124579221,0.030641422,0.647078979,0.899999863,1.05524976,0.028666126,1.184709922,0.881403919,1.228857419,0.037563972,0.671095897,0.734603517,1.033213031,0.033782158,1.011313653,0.858087126,1.139786981,0.0337487,0.776019656,0.830903623,0.62789233,0.03667881,1.10724279,0.947752311,1.055685119,0.03456346,0.689898485,0.951462051,0.862861836,0.038057715,1.357074827,1.39076118,0.793514821,0.03902661,0.700642801,1.061000497,1.329842974,0.043003466,1.373384928,0.897537933,1.194313318,0.028775573,1.137803896,1.180156557,1.232971738,0.030790955,0.720407729,1.163660237,1.327677234,0.02817612
1.251013823,1.335541916,0.998550668,0.013768703,1.319349355,0.915569945,0.86782015,0.03661074,0.591083801,0.773438828,0.830201647,0.030770445,0.685806827,1.054474054,0.984588239,0.030597162,1.060879246,1.298869322,0.67571353,0.031804472,0.786217621,0.965278024,0.693907174,0.027680572,1.184883756,1.278530428,0.83844653,0.037122786,0.930105853,0.858603867,0.840591843,0.03261971,0.728699579,0.86047609,0.803561254,0.034987956,0.984397409,0.806641864,1.143824617,0.03630835,0.791889567,0.811465701,1.440274201,0.035826728,0.887575902,0.955431513,0.530760516,0.03817218,1.0472105,1.136917311,1.302144101,0.0398459,0.89344532,0.795033769,1.281000673,0.042845726,0.908652336,1.023916146,0.955996735,0.029905373,1.117819909,0.788248609,0.768603976,0.030784953,1.271558667,1.275330832,1.040262762,0.027826034
0.952855246,1.008304864,0.881900945,0.015406519,1.149936936,1.035039597,1.114037451,0.03675445,1.242460332,1.327230114,0.934358268,0.02730926,0.885285246,0.979121041,1.141997351,0.029600594,1.051104029,0.650824,0.72142901,0.030991398,0.687000123,0.693329151,1.241332393,0.028493458,1.122556612,0.803620954,0.908415276,0.037215333,1.046279926,1.126563903,1.413672502,0.033174098,1.040847765,0.846885357,0.755141492,0.03458072,0.915122737,1.06702003,0.99717634,0.03631903,0.938879692,0.534451001,0.686258333,0.03557018,0.613655041,0.721033892,1.35015584,0.038371164,1.279357032,1.214624703,0.873990349,0.039317545,1.355176692,1.258148382,1.251634808,0.04202622,0.990926534,0.838559826,0.748620898,0.030135976,1.048184809,0.880011697,0.994376548,0.031514723,0.664949877,0.89685966,1.150402162,0.029062897
0.904822453,0.994099734,1.099725747,0.013721685,0.855650136,1.201023388,0.900008771,0.03673031,1.071651401,0.804192865,0.819483082,0.027760427,1.05833177,1.218240266,0.845130852,0.027682588,1.321713042,0.974880132,1.146832202,0.02950639,1.089033905,0.894152913,1.366493178,0.026263412,0.825816967,1.007120005,1.280766858,0.037069976,1.060279548,1.364055242,0.998624898,0.03174587,0.985576328,0.838378532,1.087419616,0.03389387,1.101859876,1.072139463,1.433211837,0.035296272,0.835485552,1.300717584,0.658024372,0.03497366,1.178130075,1.129547682,1.17207215,0.03695189,1.4112973,1.262564568,0.920176348,0.038814202,1.168605475,0.853846369,1.136359884,0.042317316,0.841918485,0.890766468,1.181317261,0.02931941,1.066227091,1.008393215,0.869479566,0.030696366,1.073084845,0.837985844,0.598647615,0.027303534
1.246847912,0.744635885,0.907645744,0.0122787785,0.582764622,0.944545255,0.823488655,0.03663829,0.689464121,1.181377979,0.94316691,0.029472033,1.286831791,0.913030891,0.940518686,0.027931234,0.899212882,1.222261955,1.035382791,0.032539576,1.209223224,0.750582568,1.238230406,0.025325546,1.26049211,0.832396473,1.035407907,0.03591326,0.947621283,0.961487653,0.740738175,0.03199729,1.112719807,1.03075366,0.643063407,0.033633363,0.776647502,0.686462059,1.268420695,0.035758935,1.023980984,1.250315896,0.817769217,0.034758054,1.273999215,1.243659648,0.977312764,0.036972433,0.730638798,0.793957069,1.234701059,0.039957684,1.209523411,0.730040731,1.380914834,0.042321187,1.24986622,0.867480384,1.286932234,0.028479552,0.902933258,0.845697926,0.662196224,0.030952472,0.927404861,1.098665283,0.799631853,0.027455756
1.324562412,1.284222059,1.114514138,0.01544086,0.759665731,0.881876842,1.087362519,0.037818477,0.86790183,1.113358075,0.979348012,0.028778454,1.300516823,0.945568388,1.153410538,0.026234591,0.928013201,1.126832151,1.090598874,0.03149356,0.638910964,1.173515921,0.994210182,0.029106617,0.969735205,0.87621107,0.97295428,0.03783725,0.975749561,0.964832777,0.932742835,0.032626435,0.835764265,0.870576662,1.110388935,0.033862296,1.087648078,1.153616781,1.145013596,0.035011675,0.950189956,1.045330751,1.093252848,0.034736715,1.191952802,1.320515764,1.143699294,0.037381236,1.061122084,0.9277769,1.417343915,0.039442282,0.637274712,1.30955255,0.568581271,0.04326318,1.002771957,0.694106365,1.072661212,0.029048767,0.84006435,0.745069578,0.628352468,0.031679325,0.964516945,1.063777924,1.071782358,0.027376825
0.643098127,0.662044045,0.74240151,0.017416805,1.155238775,0.953939896,1.258078186,0.037085604,1.213876615,1.433388475,1.182180667,0.026706394,0.973435189,0.763645306,0.878227791,0.028660193,1.334616656,1.096884416,1.111923307,0.030620163,0.634519635,0.664744752,0.686943375,0.029327253,0.845231042,1.051910456,0.841130718,0.03809897,0.971968846,0.849077857,0.874828223,0.032802027,1.004572495,1.156700083,1.03679369,0.03423147,0.782988849,0.785215279,0.752190057,0.03615041,1.120082493,1.0622303,0.713567685,0.03492266,0.776168587,1.116945971,0.806025881,0.03822941,0.97110755,0.863755992,0.995508737,0.039705496,1.15908084,1.312926651,0.781142673,0.042419825,1.049311335,1.20390477,1.006377913,0.029358387,1.158441526,1.295781586,1.300024632,0.030812137,0.853405551,0.828952456,0.892173263,0.027952313
1.27557274,0.787716511,0.886964629,0.012955481,1.313085678,1.040691127,1.078184441,0.036277995,0.643516576,1.295393433,0.860609281,0.030807626,0.799394433,0.977601626,0.988811765,0.030402144,0.907238973,1.295934476,1.100161258,0.03157976,0.865388188,0.701459055,0.639018301,0.026892668,0.764949765,1.076206023,1.328002111,0.03719679,0.907409516,0.851224457,0.823550821,0.033297233,1.00234036,1.280774509,1.04559378,0.033309642,0.733294282,1.057766361,1.172116946,0.03661739,1.008169877,1.078288486,1.198697879,0.03569871,0.774304253,0.868864717,0.673632708,0.037970107,1.302352313,1.368533026,1.090686319,0.039311305,1.422765657,1.322677178,0.559058958,0.042025227,1.240918253,0.803421267,1.168630576,0.028993767,1.061647074,0.740028633,0.680762273,0.0315027,0.670463939,0.973529202,1.032230345,0.028115168
1.18274693,1.188675728,0.994100387,0.0112913195,1.222461083,0.790683599,0.977358643,0.03546726,1.323289332,0.748440606,1.342702288,0.02527153,1.114084983,0.832823466,0.858681484,0.025965033,1.047215666,1.081141022,1.13509663,0.03059797,1.270025987,1.147399999,0.626490167,0.024313295,0.950448682,0.912672512,0.605164733,0.035973273,1.278657106,1.183482473,1.327907394,0.030069366,1.285621508,1.2180088,0.785343189,0.03215399,1.131440971,0.811063817,1.408386123,0.033953384,1.455683209,1.418199328,1.071646178,0.033166934,0.759592362,0.708772621,0.732984023,0.037126575,1.107978591,0.955680506,0.857358332,0.038941044,0.988787679,0.820560455,1.220445093,0.042398203,0.682482357,0.795097525,0.938639457,0.028683808,0.876657981,1.100258328,1.154517638,0.03077602,0.96677843,0.768761049,0.878577513,0.025926804
0.875396228,0.961600854,0.920263473,0.016682856,0.745781625,1.084704503,1.209788845,0.037453596,0.805529661,1.265886203,0.990506572,0.029577333,1.200819555,1.418031125,1.141552922,0.026880912,0.895186505,1.359438222,0.820460087,0.032067284,0.702473211,0.752518246,0.763915203,0.028810851,1.174155793,1.373966941,1.220045323,0.037396483,0.804811214,1.186217864,0.571521545,0.032627217,1.04983865,0.912405117,0.979783382,0.0330809,1.306454216,1.015899752,1.294830817,0.03505029,0.834415857,1.262357152,0.957455361,0.03536746,0.996622035,0.917310717,1.384841497,0.03760801,0.904436991,0.913579249,0.653626157,0.039774872,0.886226842,1.123420564,0.999866352,0.04288599,1.238247412,0.962932249,1.245354242,0.028041774,1.001453922,1.32789089,1.348259838,0.031716563,1.191778887,1.16121466,1.252934279,0.026414402
0.84255135,0.60802635,0.916814988,0.013409112,1.051686063,0.844824084,1.157286587,0.036138445,1.025801571,0.819649864,1.161803828,0.027452271,0.693310373,0.955488088,0.84678272,0.027942775,0.894046201,1.134160289,1.160625802,0.031700686,1.109009455,1.338524901,1.066636067,0.025840335,0.688138826,1.058232428,0.911925652,0.036941662,1.243130506,1.049849317,1.298295083,0.031010345,1.208067508,0.988713118,1.255037868,0.032249663,1.221654471,1.279864002,1.131058346,0.034465916,1.006003977,1.038818516,0.946773284,0.034418605,0.886782625,1.137233518,1.108948782,0.037386432,1.108966619,1.132320132,1.343986135,0.03933878,1.084391748,0.744902924,0.811062493,0.04245106,1.2879922,1.314810441,0.936532613,0.027217269,0.956518698,0.940389602,1.099867782,0.031062454,1.299676972,1.185027388,0.823865855,0.025217151
0.686228065,0.652035579,0.616689429,0.0144511275,1.040517537,1.187530964,1.313453752,0.036529522,1.116088432,1.354867737,1.243218114,0.028365904,0.744457273,0.880306119,0.970155593,0.030172529,0.944220361,0.635056635,0.893897099,0.0326545,1.039142686,0.818336349,1.293436355,0.026629496,0.685518712,1.099090373,0.854620132,0.037321694,1.097914355,0.952141686,0.564591562,0.03302825,1.150284716,1.146746574,0.701119119,0.034397934,0.867243598,1.006724714,0.63238912,0.03624521,0.921856511,0.851696221,1.131389248,0.03617994,0.897865105,1.317105695,1.084234977,0.03812888,0.86811911,1.034923285,0.695755041,0.04013969,1.253284414,1.321125128,0.684498405,0.042329878,0.857973571,0.886263441,1.143963261,0.030584104,0.938562457,0.670974349,0.62132182,0.03124892,0.95174452,1.216264804,1.42516733,0.028809294
0.878343622,0.704320131,1.184489139,0.011504802,1.134149389,0.76219984,0.7496074,0.035729453,1.003098159,1.182294781,0.7142083,0.0272885,0.756705775,0.799934269,1.047126059,0.027777279,0.671699121,1.158542933,0.686568278,0.03296156,1.458974169,1.214190321,0.858318499,0.02433086,0.735417916,0.981521859,0.594385258,0.03657567,0.875417957,0.866430996,1.321841496,0.03153038,0.953411659,0.845182904,1.18226546,0.0338165,1.240219897,0.806685091,1.318158339,0.034627594,1.010034923,0.815037468,1.106464074,0.034317512,0.749519841,0.834024256,1.141747963,0.037851896,1.000388046,0.892107111,1.424835057,0.03956296,0.649916976,0.765617319,1.234950686,0.043111797,0.937333948,0.815695475,1.084357208,0.029108694,1.033215456,1.357737382,1.368930235,0.030651184,1.003707737,0.782561725,1.165481612,0.027327754
1.13839556,1.046919618,0.900050853,0.01205618,0.77778262,0.938787639,0.978291453,0.03658071,1.204729055,0.956726597,1.107787797,0.027611291,1.010989532,1.115861521,1.038239077,0.027844714,0.981334648,1.285667198,0.780815131,0.03187247,1.275318038,0.847184932,0.877951234,0.025223307,0.985508157,1.261623842,1.158958198,0.036350586,0.796585768,0.823776475,1.093312274,0.032937925,1.003453172,1.145499578,0.99549074,0.03466709,1.179740159,0.994238052,1.483395945,0.035232008,0.934353233,1.35655474,1.235005707,0.035667334,0.873787361,1.344000766,1.218659709,0.038082477,0.853311328,0.819432174,0.621759296,0.03980299,1.100597819,0.794388784,0.894852731,0.04244195,0.856328149,1.027542545,1.13242856,0.030685337,0.957366097,0.783804872,0.810702939,0.03137406,0.804223148,0.831223381,0.890654795,0.02929386
1.230732479,1.025577681,0.8321794,0.012197782,1.100145213,1.138670134,1.178519723,0.036100194,0.977909769,1.407450125,1.264066017,0.027666107,0.704792318,0.829627269,0.851007838,0.029213265,0.733303739,0.970332051,0.962949916,0.033164915,1.077146759,1.352708682,1.152757078,0.02588528,0.792559579,1.099606676,0.803758777,0.037031848,0.90013527,0.709839987,0.898508169,0.032642975,1.252014125,1.273195585,1.302107299,0.033373892,0.878354221,1.117955474,0.556374682,0.035638236,1.170176259,1.16726727,1.028309206,0.034560096,0.926194752,0.983625185,1.226218869,0.037674695,0.880189736,0.967758232,0.898361176,0.03987124,0.647127571,0.716961031,1.14761522,0.0431205,0.766177499,1.118790307,0.835518004,0.030042948,0.951755695,0.973567143,0.875680187,0.03093327,1.226081875,0.984957451,1.016301323,0.027401827
0.637726235,1.277424062,1.161812967,0.015579608,1.33811118,0.680148939,0.718203026,0.03649184,1.008044435,0.912405841,0.865272937,0.028038,0.765093072,1.34315991,1.041232792,0.02912079,1.135801659,0.66308971,1.064134657,0.031959027,0.839527511,0.870452974,0.784027523,0.027786747,1.244194963,1.214325274,1.042900134,0.03699795,0.891715611,0.822996221,1.129294953,0.033336043,0.974501439,1.071010838,1.365825507,0.03464745,1.115538861,1.246346211,0.890782125,0.03565375,1.282392413,1.40488619,1.185776065,0.034955684,1.228987714,1.129542572,1.445099413,0.03739433,0.649144789,0.69167467,0.862920891,0.040154286,1.379568412,0.833106188,0.867965526,0.042069368,0.990875003,0.837182348,0.822709357,0.029915104,0.898629357,1.078803987,1.119066222,0.031780053,1.270025034,0.775742104,0.922856755,0.028282152
0.964622779,0.669841515,1.231075937,0.01699233,0.848685306,0.912572455,1.086989764,0.038050793,1.286034229,0.682842585,1.020744904,0.027717125,1.395539766,1.389360005,1.10962383,0.028585816,1.041900207,1.30426182,0.881336091,0.03252718,0.6463553,1.154748787,0.908072697,0.03014359,1.039373154,0.729536485,1.409103831,0.038231447,0.748865409,1.167692707,1.312102543,0.034757055,0.591279233,0.754993692,0.631979893,0.03641677,0.938109204,1.062038191,1.244721612,0.03685356,0.659102871,1.060658781,1.162345459,0.036587406,0.726601152,0.911118336,1.03543249,0.039165735,0.889544901,0.94761038,1.377109258,0.040389355,0.936217861,0.635018393,0.91927875,0.04287957,0.691988605,0.914239717,0.99958552,0.032145925,0.928755806,0.873847716,0.698094928,0.031363472,1.115706632,1.026593714,0.66458063,0.03019611
0.878996605,1.100528313,1.000417421,0.013553685,0.616270855,0.970285906,0.975696212,0.036707886,0.562367614,1.261418473,0.993181974,0.029288074,1.266150606,1.300158664,1.098255396,0.026398044,1.234907702,1.203275068,1.203036084,0.030894106,1.190268768,1.308741301,1.022357865,0.02555532,1.006941373,0.970594793,1.258329624,0.03656466,1.353953657,0.955784272,0.977965553,0.030648615,1.327830733,1.354528709,1.254335746,0.032450434,1.111334543,0.979575796,0.575762527,0.034464847,1.04695034,0.847889432,1.314792309,0.03402301,0.979893091,0.923540992,1.347987935,0.03718454,0.959052978,1.163470656,1.409292989,0.039576486,1.310302645,0.74034261,1.136861015,0.042087954,0.591711456,1.066711887,0.599845876,0.02923633,1.132273464,0.881093116,0.863390961,0.029495858,1.26442911,1.006008632,1.170411845,0.025938375
0.894946448,0.816513466,0.883055083,0.016716795,0.915737785,0.94729922,1.115598675,0.037492745,0.968801965,0.961053013,0.816099856,0.027444381,1.155346321,1.183595846,1.07665978,0.028405694,1.061685456,1.110794545,1.064557016,0.030914826,0.662751345,1.246577726,0.567538337,0.029372536,1.105815648,1.169051851,1.42222925,0.03796223,1.144909178,1.0626852,0.544140269,0.032826137,0.857400595,0.979692453,0.737846285,0.033993836,0.777974793,0.766773299,0.779153783,0.036171794,1.133702694,0.745375123,0.84786407,0.034404952,1.105387301,0.886898371,0.646142761,0.037375037,1.027076949,0.901769789,1.336408056,0.03934789,1.019708656,0.909601833,1.144364868,0.0426002,0.756368668,1.184512213,0.85021152,0.029958624,0.975410585,1.113507741,0.992845333,0.031630926,1.25317337,1.164553217,1.272193263,0.0273688
0.921728553,0.747370779,0.92712278,0.016465833,1.21151987,1.009947957,1.034615283,0.036891133,1.353915427,1.165923986,1.282588867,0.025729846,1.373738781,1.03413867,1.184529087,0.026681524,1.09483241,0.842967148,0.905677131,0.031117054,0.602300337,1.212608827,0.897590134,0.028955173,1.243021074,0.955446815,0.813529646,0.037298664,1.101874442,0.953131577,0.892224712,0.03200788,1.240300364,1.27013759,1.294078444,0.03311711,1.061756783,1.088584576,1.085003442,0.03529145,1.034703225,1.296715494,1.232048608,0.034227,1.299549594,1.04473175,0.595383237,0.036732778,0.888876464,0.932097275,1.112141,0.039502855,0.54435093,1.121948835,0.849530774,0.043233138,0.609020504,0.977295985,0.746041958,0.02990116,0.891963304,0.9435281,0.890062451,0.030603629,0.790709994,0.758515081,0.976587136,0.027495958
