,A_NOX_ALL,A_VOC_ALL,A_NH3_ALL,A_PM25_ALL,B_NOX_ALL,B_VOC_ALL,B_NH3_ALL,B_PM25_ALL,C_NOX_ALL,C_VOC_ALL,C_NH3_ALL,C_PM25_ALL,D_NOX_ALL,D_VOC_ALL,D_NH3_ALL,D_PM25_ALL,E_NOX_ALL,E_VOC_ALL,E_NH3_ALL,E_PM25_ALL,F_NOX_ALL,F_VOC_ALL,F_NH3_ALL,F_PM25_ALL,G_NOX_ALL,G_VOC_ALL,G_NH3_ALL,G_PM25_ALL,H_NOX_ALL,H_VOC_ALL,H_NH3_ALL,H_PM25_ALL,I_NOX_ALL,I_VOC_ALL,I_NH3_ALL,I_PM25_ALL,J_NOX_ALL,J_VOC_ALL,J_NH3_ALL,J_PM25_ALL,K_NOX_ALL,K_VOC_ALL,K_NH3_ALL,K_PM25_ALL,L_NOX_ALL,L_VOC_ALL,L_NH3_ALL,L_PM25_ALL,M_NOX_ALL,M_VOC_ALL,M_NH3_ALL,M_PM25_ALL,N_NOX_ALL,N_VOC_ALL,N_NH3_ALL,N_PM25_ALL,O_NOX_ALL,O_VOC_ALL,O_NH3_ALL,O_PM25_ALL,P_NOX_ALL,P_VOC_ALL,P_NH3_ALL,P_PM25_ALL,Q_NOX_ALL,Q_VOC_ALL,Q_NH3_ALL,Q_PM25_ALL
1,1.0,1.0,1.0,1.0,1.0,1.0,1.0,1.0,1.0,1.0,1.0,1.0,1.0,1.0,1.0,1.0,1.0,1.0,1.0,1.0,1.0,1.0,1.0,1.0,1.0,1.0,1.0,1.0,1.0,1.0,1.0,1.0,1.0,1.0,1.0,1.0,1.0,1.0,1.0,1.0,1.0,1.0,1.0,1.0,1.0,1.0,1.0,1.0,1.0,1.0,1.0,1.0,1.0,1.0,1.0,1.0,1.0,1.0,1.0,1.0,1.0,1.0,1.0,1.0,1.0,1.0,1.0,1.0
2,0.863535805,1.241055552,0.83370348,0.812253899,0.869754418,1.006563503,0.962917701,0.803118227,1.068550257,1.120953752,1.23893509,1.159455337,0.835199625,1.228430464,0.873012441,0.923170905,0.695553291,1.186508194,0.996501609,0.641818319,1.334524357,0.910602478,1.184359983,1.20284414,1.002000218,0.803191073,1.146772368,1.035432889,0.764775481,0.885962818,0.526543985,0.972313847,0.635479026,0.73080257,0.90055931,0.627470654,1.156333914,1.234487428,1.04998759,1.1229095,0.88187545,0.968710982,0.817614325,0.958487106,0.73954232,0.944993003,1.049730123,0.810721524,1.137425289,1.228396711,0.8400706,1.133975333,1.314464168,0.842700468,0.780937333,1.061357904,1.236319088,0.840536292,1.048697914,1.146346911,0.87020578,1.121574519,0.902625982,0.901954926,0.65738346,1.010165438,1.31528251,0.591438122
3,0.742005935,0.646945949,0.986339546,0.956668037,1.192631045,1.003773253,0.780494493,1.093660071,0.934011503,0.969481948,0.957689415,0.974890082,1.012360305,1.277558988,1.008264154,0.989432314,1.086871117,0.899152983,1.396219993,1.255734713,0.941018466,0.661978089,1.00386577,1.050488022,1.118786464,0.694296244,0.972868391,0.946539328,0.923891128,1.27979922,1.060337463,1.046072772,1.050851731,1.071004873,1.115864367,1.171301595,1.331561671,1.049558709,0.974431118,1.196315357,1.144306736,0.815849512,1.235233197,1.104815009,0.862231077,1.051922246,0.821474696,0.879201369,1.183849535,1.059202772,1.117615737,1.012176929,0.786083982,0.785215215,1.117292219,0.856940231,1.238821317,0.938990704,0.943296868,1.057522303,1.278779791,1.284150807,1.433524304,1.372564163,1.120913183,0.824733823,1.290492127,1.08313551
4,1.242453095,1.263960396,0.903859773,1.061870738,0.955692638,0.973506048,0.906025623,1.028231532,0.823670413,1.022233043,1.065741091,0.925972666,0.680270526,0.791884687,0.983349129,0.766222648,1.069616279,0.741900646,1.370173452,1.185767196,0.922186429,1.130895864,0.82878239,0.804311817,1.047782142,1.156916729,0.956777876,1.080103262,1.257153307,0.914818751,0.918796965,1.085336233,1.177884698,0.84780259,1.240347223,0.917832862,1.190786957,0.994135268,1.398683641,1.150007473,1.089381833,0.755261209,1.162130556,1.177062049,1.174900035,0.826106864,0.90584816,1.057151455,0.959948079,0.942969933,0.801629902,0.863973603,1.445309092,1.00798856,0.559174998,1.399764031,1.258952103,1.381328696,1.342452754,1.286840058,0.993027986,1.163494215,1.079286598,1.086030201,1.145995299,1.265948542,0.77775531,1.212819838
5,0.814412821,0.735800477,0.644385384,0.682861479,1.089341798,1.144005695,1.188024604,1.196274337,0.907912888,0.796244131,0.883309564,0.938990371,1.056815416,1.225650308,0.683433485,0.883690549,1.014809104,0.647299473,1.113795094,1.100577756,0.659572528,0.977711482,0.821161633,0.700742218,1.019021286,1.381886546,1.3258807,1.039858724,1.153345748,0.902152415,0.587981815,1.172196123,1.219771886,1.130540603,1.063928101,1.307515651,1.167229313,1.003284067,0.581641564,1.00222915,1.129857431,1.296876791,1.267681259,1.164097489,0.831819357,0.711278398,1.433584959,0.930754468,1.240626991,1.190229341,0.965237792,1.375896097,0.574630702,1.191931088,1.148330824,0.986676272,0.837272709,1.279428674,1.027987327,1.050256086,1.094223655,0.868594404,0.953091311,1.067505854,1.19671711,0.776720168,1.122029181,1.126078156
6,1.006110591,0.85056313,0.676458337,0.783887198,1.00456697,1.12220135,0.951893869,0.978059532,0.986490657,1.273809108,1.05919826,1.021241531,1.131832289,1.037194256,0.91341052,1.142260902,1.23694958,1.119970462,1.412180964,1.284114827,1.102931567,0.698627609,0.92922443,0.946603406,1.238521654,0.945547269,1.195485432,1.083983091,1.253846262,0.771606137,1.170060678,1.050077316,1.100119479,1.109046606,1.102866896,1.033986117,0.794937212,0.606652168,0.986113278,0.709694469,0.84206883,1.154850211,0.867263047,0.916655995,0.814080575,1.180748399,1.286490562,1.050519636,0.974930931,1.159977401,0.854129775,1.022301283,1.223779652,1.273211738,0.554029089,1.304321145,0.899030157,1.076268145,1.029533903,1.074511116,0.82189145,0.868297987,0.855798546,0.881672145,0.751785092,1.263983224,0.568521753,1.006255717
7,1.20982461,0.774887499,0.89191425,1.045073141,0.997777316,0.7879802,0.89638593,0.995076584,1.183762157,1.04942654,1.12139005,1.105443967,0.743628068,0.755155193,0.859793522,0.841787022,0.631877082,0.752046567,1.039454216,0.913993885,0.775403683,1.229989003,1.317690655,0.836272779,0.56546994,0.842846414,1.158099735,0.627568058,0.774474281,1.144011171,0.805555474,0.889543027,1.034344326,0.886239005,0.816392675,0.939122175,1.173687191,1.030130761,1.389147261,1.005427056,1.152740871,0.758473491,0.726096311,1.022723966,1.031206061,0.886560195,0.55004437,1.040433072,0.90977959,0.697297803,0.745991497,0.681014684,0.856831279,1.020220026,0.927186524,1.042531592,0.788106877,0.783014064,0.92584668,0.871740202,1.036612412,0.759389281,0.67702731,0.868929494,0.900017526,1.328512373,0.647614057,1.038194416
8,0.853427337,0.609329157,0.884360161,0.874578677,1.006296576,0.70916134,0.950202367,1.091274716,1.347431237,0.701150466,1.223561638,1.304125078,0.858616118,0.864374455,0.71983409,0.82251476,0.578606184,0.548019299,1.119574255,0.92282311,1.173648822,0.923497543,1.276270076,1.199789835,0.944221693,0.909314692,1.142443774,0.980773953,0.749715658,0.988939304,0.850681446,0.772000934,0.970730094,1.071937509,1.017742985,1.09054283,0.942073032,1.284261767,1.331583052,0.964517753,1.217431963,0.908483819,1.009333676,0.927994122,0.945504322,0.670368531,0.579650555,0.876602458,0.987787189,0.941851606,1.193142241,0.963640117,1.229980835,1.046640304,0.816325871,1.280734579,0.699155484,0.917880066,0.671558648,0.754568399,1.271278806,1.187359263,1.443065066,1.396717425,0.843425445,1.053938483,1.39876496,1.021733784
9,0.929154851,1.08527994,0.944669895,0.943876829,0.778706281,0.850078691,0.845650473,0.95121147,0.786481156,1.156256054,1.037855106,0.907085248,0.709441796,1.172045767,0.746728746,0.781572744,0.807906909,0.84564559,0.964272922,0.702456349,0.64576199,1.032179084,1.066529304,0.668115347,1.166056552,0.868713633,0.59129005,1.245918337,0.764572222,1.089814984,0.844858865,0.772199549,0.832608223,0.739584898,1.144511813,0.799251146,0.863026945,0.917530584,0.698799704,0.636617284,1.103086033,0.733845071,1.359029776,1.204152986,1.129908421,1.012116031,0.582069806,1.005860189,0.709905265,0.64349776,0.572279615,0.651978481,1.300925165,1.219353406,0.885092459,1.383813602,0.55147272,0.95469364,0.634609654,0.547036521,0.971376299,0.887032126,0.862394299,0.920563262,0.859912053,1.074999265,1.444125871,0.953722036
10,0.911115859,1.24724576,1.127589901,1.070522484,1.244293445,1.102117561,1.114615928,1.221317184,0.588411357,0.711308121,0.972911734,0.723020001,0.942185173,1.100281621,0.766472121,0.952453978,0.951690689,0.830063096,0.943465557,1.001063399,1.330369651,0.916952043,1.392082373,1.197683609,1.278716774,1.176940998,0.829792146,1.304372218,1.290937469,0.983656023,1.063209342,1.179459955,0.649537006,0.818499615,0.530212998,0.737694007,0.741202041,1.104128552,1.230786456,0.749825255,0.734508551,1.045447181,0.89858597,0.711691912,1.001931406,0.849999163,1.190785798,1.275221332,0.930071013,0.681210519,0.708438232,0.751967217,0.986321308,1.183758718,0.618506069,1.110789862,0.977189139,0.918292489,1.021256909,0.917233585,1.318631689,1.244246266,1.476738529,1.355166868,1.067401303,0.804428357,1.390899309,1.120975883
11,0.820852315,1.026368394,1.050056347,1.003036027,1.14906309,1.118506276,1.015093218,1.135436207,0.721867225,0.700106379,1.001793521,0.843537561,0.966075265,0.888192116,1.151433944,1.000530927,0.815228197,1.053695081,0.925134205,0.892428215,1.005309915,0.60130138,0.761400651,0.898853909,1.063002636,0.962053281,0.844068425,0.859318522,0.891570756,1.08152382,0.965459015,1.151271247,1.241447809,1.374880155,1.444020817,1.288166977,0.787804046,1.031905493,0.538153682,0.697580772,1.15110828,1.248048355,0.730424623,1.157557608,0.862814541,1.164081199,1.014211258,1.081169377,1.209086436,1.286166171,1.248607376,1.340903326,0.705034996,0.897971241,0.56817784,0.742689765,1.308128757,1.237511567,1.163824633,1.23518554,1.091532574,1.022954243,1.14401541,1.138972816,1.255916128,1.017635451,0.804027679,1.315501036
12,0.691341264,1.335610897,0.930720705,0.8418485,0.833548011,0.820514913,0.898062576,0.723461226,1.127458834,1.370537389,0.782002772,0.979876427,1.039430602,1.171035481,1.255203803,1.097847109,0.794451606,0.905595179,0.885123001,0.892352351,1.290663374,1.079083368,0.942340035,1.186932255,1.049177688,0.928648143,0.626641667,0.896668319,1.030063062,1.008281267,1.18711479,1.239883032,1.252095727,1.257888873,1.148206367,1.258674499,0.949704843,0.914361641,0.893340909,1.007079163,0.84508686,0.906261133,1.246170352,0.932304788,1.140941017,0.878498615,0.617322083,1.032804258,1.193947832,1.027090228,0.615826856,1.187185765,1.178037524,0.917243498,1.19973187,1.098007422,1.244419121,0.945688733,1.263523666,1.279626638,1.132721897,1.058262186,1.150685872,1.146532649,0.992806345,0.808624676,0.953154319,1.129968809
13,1.177467753,0.966436295,0.964131132,1.02298087,1.315408302,1.205370629,1.190558951,1.326937511,1.160950913,1.007178832,1.098350386,1.161604238,0.910975987,1.215869153,0.869109955,0.919908687,0.920531729,0.814526214,0.962785779,0.815569151,0.807851423,1.121782965,1.024836246,1.030582365,1.215380149,1.380525858,1.468888275,1.270305646,0.626677199,0.930235505,0.735944268,0.696816009,0.843145688,0.762482343,0.837888292,0.796845025,0.985530425,1.092512301,0.980051823,0.759513861,1.073951627,1.200951188,0.605150367,0.923330112,1.222625445,1.029958876,1.050501199,1.248260335,1.130343777,1.021589069,1.370165481,1.011110036,0.846146603,0.963329719,1.119025618,1.047658307,0.578584822,0.595222565,0.901052038,0.684339435,0.902461799,0.975298116,1.056802471,0.988379373,1.066662532,0.945558232,1.159146349,0.875387376
14,0.836092766,1.059083772,0.788324838,0.767403109,0.99335355,1.151870965,0.884118311,0.807867592,1.302877973,1.244288743,1.24164193,1.316446101,1.198845605,0.85804329,1.242575581,1.234673434,1.31558375,0.687552902,1.111537875,1.027325917,0.945573473,0.82888996,1.303994655,0.913691292,0.926917269,1.19678751,1.051018569,0.852821035,0.633222091,1.121366932,1.160487624,0.799450915,1.086704346,1.155693432,0.873167704,1.109893981,0.71330593,1.137415163,1.343261675,0.792148392,1.120321035,1.387050665,1.071809871,1.112041917,0.671174111,0.807549681,0.829796568,0.779843279,1.018857265,1.204061232,1.025476702,1.275369805,0.971837819,0.918763524,1.028691567,0.879382741,1.094424605,1.116422253,1.248137756,1.158501656,0.891152831,0.93834724,0.762334857,0.886020581,0.688035516,1.250679634,1.462274323,0.903979526
15,1.078783634,1.112575744,0.900355386,0.876193533,0.766444383,1.062483422,0.744232623,0.813711063,0.76355812,0.805908107,0.8009864,0.791070602,1.145488014,0.911812156,0.958947432,0.965378297,0.964030143,1.185511321,0.818832668,0.801184718,1.383397484,1.032541348,1.444608616,1.337774841,1.026873103,1.116623735,0.836247327,1.041074347,1.204273267,0.806746963,0.733589385,1.110096049,1.00027797,1.103105064,1.020284989,1.222433559,1.095745931,1.153668203,1.005600946,1.210376327,1.000168139,0.665045915,0.956299456,0.957168251,1.257569443,1.274692741,0.713452489,1.143188138,1.333130185,1.372777073,0.682829481,1.415999391,1.303441081,1.062025886,0.710594592,1.200866672,1.038471981,0.909336077,0.993344691,0.958571627,0.831000081,0.963614744,0.841430932,0.812243444,1.314318581,1.036815944,1.147832847,1.226518771
16,0.887576155,1.001864345,1.193613363,1.088976206,1.242787208,1.345996677,1.136377204,1.182015231,1.300810382,1.229483078,0.916975977,1.09563103,0.842031396,1.107819846,0.706796132,0.774570631,0.614468388,0.782514459,0.786249266,0.793522508,1.055692137,0.794477796,0.922921967,1.115223837,0.617559979,0.938546017,1.038859946,0.860340003,0.895840651,0.61566863,0.567525532,0.76834247,1.033655348,1.157174745,1.133298273,1.301940579,1.323144114,1.287794534,1.030879346,1.198345008,0.877830062,0.965757446,1.18256114,0.94929173,1.107278266,0.877270294,0.67110692,0.863977838,0.920813903,0.768074108,1.219933353,0.846821191,0.799717786,1.045646041,1.426849709,1.033745287,1.163015058,1.195258011,1.209929442,1.278368707,1.178065056,1.054667461,1.269700899,1.188290565,0.827245433,0.923176013,1.300674041,0.757894592
17,1.121636191,0.794491362,1.18782145,1.202761266,0.99067355,0.998338523,1.262557968,1.033657968,1.199733202,0.954164508,0.867544814,0.991673392,1.006998854,1.232183204,0.841980444,0.93439305,1.219608591,1.347903213,1.057171305,1.192666915,0.8467579,0.98357596,0.960248077,0.978056503,1.109547492,0.966157433,0.938525014,1.036310282,1.04617044,1.055439441,1.31330386,0.970529731,1.065496117,1.164454857,1.385136095,1.05530997,1.160897321,0.968495717,0.931736411,1.234401549,0.668304835,1.054827503,1.385330073,0.92168418,1.047377449,1.014435902,1.455730207,1.078467052,1.037082819,1.068097906,0.902386479,0.979966568,0.793903629,1.305434012,1.309435337,1.12316796,0.76592366,1.24216435,0.918992526,0.884146476,0.892713728,1.011653464,0.918370795,0.846678951,0.646395612,0.957908292,0.875688163,0.913454045
18,0.937795447,1.314486397,0.831813021,0.903953864,0.70464783,1.155248282,1.053482555,0.854738178,1.188235438,1.160316596,1.207471927,1.285452227,0.99687835,0.852039457,0.688289907,0.850400165,1.079574262,1.326900919,1.068767431,0.900211928,1.222320396,1.216763915,1.387171262,1.177938524,1.033006196,0.821281821,0.742863154,0.855296019,1.069690416,1.395048314,0.765889335,1.226733239,1.037023774,0.854090131,1.430821256,1.076201368,1.079614783,1.297225802,0.808857143,1.284839431,0.812607855,0.847436061,0.766511831,1.086026065,1.255442327,0.848092695,0.942112175,1.042800066,1.107635736,1.235265351,1.323642306,1.178765685,1.151458968,1.234434377,0.936902522,1.199013611,0.802458526,0.742229211,1.048965822,0.92623374,0.87132511,0.918377826,1.015489001,0.913007902,1.163502604,1.335925615,0.690968792,1.153635926
19,1.150847698,0.837779326,0.758134516,0.862549368,0.872205109,0.885999311,0.752997423,0.802675393,0.65295079,0.936080146,1.000384888,0.822398129,1.154444651,1.20552941,1.117516639,1.056301814,0.966661573,0.877767777,0.904417043,0.767566241,0.972687437,0.912407899,1.112310845,0.88838384,0.914866235,0.86452864,0.585364604,0.874396856,1.199627553,1.146781946,0.564070468,1.231143879,0.97062572,1.056236129,1.401249314,1.187141511,0.902797813,0.700551416,0.599514538,1.040112647,0.769314224,1.147885563,0.982438979,1.015075476,0.96907897,0.837737613,0.744117009,1.11001888,1.12744614,1.109740951,1.129643843,1.198311355,0.923948985,0.955059225,1.403967311,1.026439358,0.70093699,1.193964304,1.046467574,0.841214065,1.099885274,1.173736613,1.212724644,1.146490351,0.934333185,1.297449377,0.669926645,1.122265223
20,0.685697917,1.267927986,1.040324827,0.958541357,1.000580213,0.864796333,0.808686546,1.073761092,1.277152589,1.026466858,0.947325776,1.17062892,1.33526403,1.119748781,1.22457607,1.159310598,0.770784754,1.081360679,0.955329345,0.966893566,1.348264934,0.955612994,0.92256383,1.291758,0.885992805,1.073427408,1.059960637,1.019834351,0.990110841,1.393334773,0.857101719,1.151942654,1.059094456,0.990000056,0.873180935,1.163751923,0.922121029,0.660730851,0.75576617,0.740691704,0.862859613,1.024690342,1.016494418,0.923991548,1.133290228,1.049238568,0.871652833,0.843609291,1.045209319,0.815643971,1.412468761,0.822620112,1.170913037,1.312201307,1.068371673,1.089147041,0.910128609,1.108601473,0.73352729,0.843913133,1.09658822,1.228618559,1.408816841,1.176978413,0.912021386,0.72844212,0.562346022,0.967789074
21,1.110392491,1.122475748,1.27566697,1.256108821,1.177639973,0.784226039,0.983143516,1.008105189,0.809248618,0.835616374,0.922325932,0.815188656,0.888313638,0.723486896,1.063729691,1.090233608,0.925731076,1.045730693,1.215507723,1.063951512,0.588626896,0.990602673,1.25402244,0.856842651,0.716747413,0.728947145,1.257986261,0.799123209,1.018735433,0.878533642,0.655928361,1.069267835,1.054994915,1.033603001,0.730044914,1.038888288,1.034427937,0.97471556,0.665290616,0.817779625,1.151781235,1.129896973,1.095115735,1.210562616,0.857701061,1.206129012,1.325706389,1.15309687,0.881916224,1.073404186,0.930295493,1.036269766,1.139303513,0.951277747,1.388425092,1.18032035,1.300126702,1.096954165,0.93759298,1.178537687,1.133845121,1.26167206,1.380197806,1.193234069,0.706797577,1.333022529,1.133411272,0.948312803
22,0.906455862,1.06008407,0.94910442,0.94188314,1.048168955,1.019147142,0.644332095,0.823746578,0.606848694,1.065681873,1.102501026,0.856186251,1.018380029,0.78252604,1.174273554,1.068087834,1.314906664,0.798788941,1.107625933,1.377929829,1.315316051,0.863219668,1.447966001,1.274226835,0.823488072,0.660807302,0.687938797,0.764408975,1.174920186,1.251778269,0.825622275,1.156610601,0.909126017,1.229213742,0.819639877,1.121395947,1.149090601,0.784891795,0.569740464,0.952508044,1.16113813,0.706911974,0.840840259,1.020716499,1.29937127,0.969543215,0.813826509,1.128644465,0.912308249,0.774887913,0.797493187,0.793129299,1.049369929,0.99404163,1.032124354,0.854758565,1.109332493,1.043185649,1.104857298,1.069362901,1.087448526,1.004776231,0.876494196,0.977360008,0.759627378,0.733923737,0.977254344,0.983701397
23,0.968161283,1.322947964,1.274432405,1.188267994,0.694360821,1.080860177,1.036101532,0.696710647,1.221973454,0.702765278,0.843392775,1.012417416,1.16007479,1.30674874,1.020857884,1.159370953,0.764203272,0.761367363,0.974761175,0.706637638,0.729998518,0.781906489,0.860605663,0.847494015,1.062934597,1.03279909,0.686463816,1.072936079,1.332397555,0.813758538,1.156044925,1.202789346,1.143928027,0.804633296,0.660338295,1.049963348,1.073196917,0.765253262,0.811501413,1.247595372,0.953847197,1.277005132,1.096076353,1.024917102,1.271523284,1.059700313,0.848578232,1.158195537,1.096427142,1.072134491,1.185101621,0.98246848,1.34153148,1.112048931,1.285646403,1.283308818,1.34053741,0.783536157,1.184303447,1.184678407,0.99672645,1.014046834,0.929559473,0.965332026,1.304387844,0.667799346,1.313014615,1.079645655
24,0.914791846,1.255058834,0.960589208,0.946141088,1.016105369,1.070750055,0.707334568,0.853795382,0.728741228,1.165922062,0.825995988,0.698903598,0.838964998,1.185467287,1.231132909,0.990996516,0.878388788,0.729515456,0.942898342,0.788608703,1.115021402,1.067614186,1.452371526,1.102150099,1.223558793,1.130044922,0.7492794,1.261385178,0.9429607,1.102997817,1.365353062,0.864557713,0.944332604,0.907160097,0.724064716,1.117564592,0.977491357,0.772033561,1.352879922,0.65466477,1.075436227,0.604064362,0.707004255,0.991769558,1.194010589,1.025250599,1.229536268,1.1345897,0.923202275,1.07226742,0.796810163,0.965628819,0.987859902,0.968731749,0.659993711,1.232214149,1.327477239,0.738324498,1.073096183,1.106582937,0.966558343,0.726210994,0.778838106,0.914132432,1.089963244,0.996372669,0.722917087,1.075006524
25,1.269750066,0.859966401,1.372199457,1.368510539,1.002904418,1.317857492,1.370442259,1.156566006,1.05800379,0.916537159,0.863115445,0.995761665,0.794044814,1.181067897,1.210440243,1.055328782,1.202541204,0.804110908,0.864516167,0.975572546,0.803356021,0.630225801,1.258100929,0.972266359,1.121760178,1.207257578,0.691470309,1.025800055,0.871009239,1.107049853,0.997316388,0.900594686,1.167448982,0.969587988,1.09560103,1.20701696,1.026831251,1.175049621,1.139335231,0.99593309,0.907660892,0.80556649,1.094358122,0.796437463,1.084616495,1.038603196,0.723292557,1.158769262,0.988914999,1.093687452,1.361836427,1.216403348,0.899648841,1.268705121,1.296253572,1.131243309,1.054178347,0.673039483,0.934984344,0.915418261,0.916530252,1.142498554,1.194113267,1.033660485,1.258738948,1.097024198,1.306161867,1.116653097
26,0.990798831,0.915643541,0.880206606,0.949585083,0.742854252,0.987722295,1.20188956,1.014788026,1.038807094,1.364951835,1.112297411,1.084963609,0.988261097,0.87945589,0.965648629,1.128407956,0.903107423,0.977475349,0.878323066,1.020494472,1.167076983,0.907820869,0.626700313,0.999734584,0.910973137,0.923558484,1.2477439,0.856034418,1.047970435,0.927463128,1.209513496,0.983410027,1.111392844,0.819749836,0.784822038,0.985746651,0.808023632,0.86053129,0.735900033,0.79722337,0.983208241,0.992387838,0.918117462,1.016384655,0.755368199,1.117620724,1.1131008,0.859864044,1.075848416,1.113074179,1.424241573,1.235760553,1.007375206,1.118822327,0.87903879,0.91967891,0.84333617,0.680797629,0.886802093,0.884008753,1.109968596,1.149185419,1.37505637,1.188046372,0.825444071,1.238097066,0.532277766,0.884212381
27,1.24445997,0.920051326,0.939971176,1.020272649,0.865097293,1.012511358,0.979748174,1.056441322,0.824037533,0.966237501,1.14636006,1.009268272,1.179404898,0.635275261,1.21503384,1.082357722,1.293407961,0.743020082,1.068447931,1.165868524,1.00239022,0.762188213,1.262724453,1.090394861,1.007977051,1.166557914,0.950671038,1.181181713,1.242236467,0.905596399,1.207333277,1.21567313,1.317133155,1.004052049,0.7419924,1.293246626,1.163336174,0.979825333,1.423250965,1.326901078,1.415579126,1.380929339,0.686797689,1.165067506,1.185292536,1.163885219,1.021940169,1.294568806,0.982841198,1.018951897,0.721885795,0.942339987,0.870794782,1.26001595,0.59228232,0.721891177,0.795669832,1.197934533,1.132651741,1.043075674,1.072734804,0.92651509,0.822791869,1.012040686,1.167960524,1.12636119,1.146889988,0.976765768
28,0.709163441,0.891847592,1.009264352,0.94183173,0.821901283,1.037342437,0.720077953,0.948771008,0.61157855,0.994927698,0.736927385,0.678880634,0.746485824,1.145826323,0.672535874,0.79086454,0.65444468,0.609663397,0.921639897,0.903682256,0.735136184,1.018399436,0.885007745,0.746436188,1.131664645,1.105500738,0.600779107,1.075339263,0.605705744,1.238967408,1.372609357,0.893936283,0.941527013,1.174866039,0.716583659,1.245622056,0.782155325,1.007575757,0.625276011,0.675360824,0.949998857,0.749485643,0.874760155,0.970528394,0.985179708,0.961000257,0.892354369,0.978611757,1.263446779,1.094020554,0.631405022,1.167742458,1.216964918,1.030969553,1.188479964,0.823492232,0.727340623,0.658692953,0.889449086,0.926257075,1.164507655,1.085029766,1.015684222,1.093676631,0.782128982,0.728008397,0.749790285,0.822936712
29,0.926103763,0.687774557,0.904580934,0.88004125,0.729381069,0.938010323,1.268431547,0.754016131,0.728215912,0.666091053,0.705063186,0.741195307,1.30386676,0.834224831,0.902345092,1.138110331,1.01048486,1.315667497,1.016410768,1.194723075,1.00878393,0.793653967,0.729250599,0.863542946,1.261173573,0.758093488,1.139204602,1.161791216,1.192405232,1.024861536,1.446483457,1.207088788,1.166862231,1.014331732,1.365772185,1.313597822,0.748298889,1.230742212,0.824789518,0.857424878,1.030668961,1.000692929,1.249826075,1.094796807,1.07509489,0.883371842,0.690638942,1.046881729,0.992589009,1.069959741,0.752802393,0.997383828,1.271727537,1.236737316,0.962056599,1.075582889,1.010076079,0.863501327,0.986080837,1.062548717,0.94557596,1.162357232,1.129824698,1.070617521,0.878618418,0.810187055,1.410310638,1.019054443
30,1.142576185,0.768112163,1.174371764,1.148011575,1.027690524,0.909615573,1.175761633,0.922783235,0.768470457,0.679459309,1.069282113,0.902360539,1.328895758,1.353433778,1.022942249,1.142557201,0.689540953,1.12629505,0.861214373,0.74887642,1.194723686,1.134185367,0.827240756,1.02937643,1.213202658,0.951198134,1.316476262,1.066654299,1.126372062,0.980822157,1.201021653,1.008717367,1.20424037,1.066350982,0.784324919,1.081271344,1.077583029,1.110954292,0.597566659,0.799506832,0.599093644,1.135796087,0.912432746,0.873977293,0.611951535,0.917230424,0.790355323,0.592740089,1.034768701,1.01905036,1.155758748,1.111823467,0.742123322,0.864532733,0.611371347,0.9987383,0.839446937,0.99684924,1.125069014,1.013907394,1.260632743,1.093341491,1.342060849,1.326604865,1.247929999,0.738280397,0.685036081,1.13862874
31,1.169851122,0.747612999,1.320677292,1.313296155,0.973060171,1.259605978,1.162099782,1.097534323,1.392335755,1.306178897,1.011885269,1.16780748,0.67380752,1.019217502,0.807482227,0.830689575,1.137369559,1.147660739,0.666375886,0.891734054,0.995663585,1.027684764,1.369353143,0.91070449,1.260005993,1.305548404,0.769037278,1.249201715,0.808673543,1.138259183,1.243435957,0.842080856,0.968488601,0.922489401,0.673412209,1.058778694,1.112079265,1.181923946,0.622863149,0.899811699,0.728663293,0.759359293,0.983759088,1.018656911,0.692403023,0.836909984,0.972689729,0.882280464,0.825972363,0.89373434,0.594189211,0.834685122,0.96150097,1.022451001,0.907084003,1.129338321,0.795828032,1.093414865,0.818050525,0.749519547,1.001729605,1.109256934,1.199348913,1.096345908,1.010629949,0.6768316,0.794942314,0.912177971
32,1.420138292,1.281041293,1.220643068,1.326623465,0.970795339,1.240897493,1.017814174,0.848266851,1.240854308,0.627673023,0.874338731,1.075702712,0.817497635,0.752497995,0.94494624,0.901200365,0.950113796,0.967769399,0.681667662,0.803821605,0.683549028,1.261438053,1.04706013,1.001917317,1.026744409,0.776230903,0.634467886,0.945951488,1.00300434,1.193919333,1.023500875,1.090831636,1.066439785,0.88682723,1.180437959,1.049666028,0.838977212,1.003429109,0.83423398,1.018603495,0.956514885,0.949019694,0.706485068,1.065452053,0.78631674,0.864438728,1.217296681,0.900096617,0.988539428,1.188167042,1.185604206,1.096369713,1.380703087,1.1367001,0.850691678,1.218152555,0.91521188,1.247537099,1.028527068,1.011344032,0.864900738,0.810297685,0.645504131,0.791291108,1.049170177,0.980807818,0.792838757,1.07101388
33,0.740781136,1.341034616,1.053249983,1.002118072,1.34238974,1.265179819,0.975602849,1.294354327,0.835389516,1.059651453,0.998553886,0.92943744,0.707268055,0.987058725,0.926138954,1.054922974,0.840979011,0.758832554,0.92692229,1.080057989,1.377507778,1.227100406,1.047825945,1.290622119,0.684719119,0.585391166,0.559237486,0.745795145,1.238060998,0.847023314,1.089659429,1.111879684,0.933779332,0.892451676,1.254027191,0.941797367,0.669989176,0.852215763,0.524268863,0.726779321,1.025415821,1.272278614,1.158535578,1.027076286,1.186415845,0.767718601,1.33629323,1.128847986,1.02780784,0.862906637,1.220176793,0.942239824,1.189765673,0.729118374,1.381693115,1.236528553,0.929376148,1.205144929,1.202483736,1.041715274,0.866721738,0.990300258,1.129889276,1.008557476,0.683311275,1.261819508,0.968060048,0.893726623
34,1.038148365,1.345385663,1.147018898,1.072618674,1.204988757,0.937263129,1.121603638,1.280395614,0.641072284,1.272222994,0.9176398,0.813671523,1.227376319,1.060444546,1.182120624,1.094811991,0.682346619,0.944206232,0.621305673,0.633437804,0.782359612,1.248423181,1.079238659,0.942807017,1.206177291,0.659206262,0.869088462,1.011879383,0.862121809,0.557842693,0.718492261,0.723795189,0.889505769,1.065289607,1.37654824,1.116422323,1.10852544,1.119357402,1.450807116,0.822871069,1.237217118,0.680954801,0.733181356,1.147683851,0.67372194,0.910842352,1.030864912,0.674257368,1.074218162,1.161022509,1.303581285,1.221445497,0.961271104,0.788785117,1.327509794,0.718542695,1.338343959,0.864198166,1.088667338,1.257714613,0.947651194,0.654242684,0.638035546,0.794793872,0.99920447,0.672221366,0.728006726,0.930210059
35,1.162054316,0.683378629,1.148515988,1.185458119,0.951770538,1.157761363,0.954174213,0.829117553,1.299105836,1.268236002,1.27593597,1.28870943,1.092634347,1.275150593,0.91395258,0.892996753,0.985683404,0.84524113,1.036622425,0.966754759,1.176787572,0.678950959,0.596980941,0.976022838,0.936203325,0.871820944,0.807753946,0.786639037,1.15464611,0.972076783,1.401392307,1.01538898,0.836377067,0.863934139,1.148612264,1.064769254,1.347808938,1.028483134,1.304680273,1.341988885,1.062776966,1.02794418,1.171180863,0.9192604,0.91253704,0.936207071,1.353148045,0.87914215,0.961772672,1.296553913,1.229725786,1.293972908,0.912679363,0.919233922,1.357096713,1.078764298,0.744586097,0.717942942,0.86203949,0.861455416,0.833916919,0.957205194,0.814769116,0.847146707,0.864317834,1.043027567,0.609403372,0.913112671
36,0.840274547,1.31561837,0.704720912,0.673502928,1.292909631,1.251517745,1.051625834,1.092367767,0.779724225,1.193902338,0.847327372,0.736900897,1.294736721,1.138020303,1.316116554,1.331726552,0.789592837,0.898821332,1.221732921,1.056695996,0.762415811,0.900557267,1.130810606,0.806094313,1.138672112,0.753594366,0.744017926,0.999919452,0.831520064,0.689528513,0.909318718,0.699425762,0.986277132,0.887436648,1.137151558,0.984061201,0.816736473,0.649790914,1.358876766,1.02873032,1.087184962,1.023549883,0.840996382,1.045469192,0.867767153,1.25707025,0.736846468,1.031098107,0.830299442,0.941889251,1.326430858,0.736326462,1.083872901,1.13954283,1.169811344,1.237554709,0.824092388,1.146855467,0.974469818,0.885568536,0.817127749,0.968494696,1.170741966,0.952911555,1.217482932,0.800778539,1.462021733,0.981971097
37,1.126072786,0.82872951,1.178575853,1.211399211,1.049241236,1.032413381,1.133077932,0.917529725,1.244490182,1.083870995,1.147939959,1.16276705,1.035782861,0.82223023,0.817293167,0.973221569,0.668227064,1.318844802,0.919152603,0.661181299,1.17699209,1.323339129,1.266653948,1.182371161,1.100283296,0.92745199,1.172989255,1.126911275,0.774964874,0.835121916,1.265851174,0.880741317,0.929981791,0.94074575,0.621261008,0.87986411,0.639923483,0.893089237,1.23327011,0.725365677,1.375069235,1.231036749,0.935202349,1.112882028,0.590892344,1.07292244,0.924944984,0.66230738,1.106686559,1.198466654,0.669052691,1.17363052,1.243523622,0.702518309,1.284195842,0.946929054,0.847341173,1.15173234,1.120079726,1.079022645,1.375761594,1.155679164,1.256784009,1.346207785,1.03718458,1.199201203,1.476080575,0.989669776
38,0.955889663,0.767393954,0.843180404,0.898308287,1.219141973,0.911747301,1.180155904,1.303859972,1.065998042,0.961078726,0.777959334,0.914867207,0.699992944,0.990399226,0.928406927,0.885605298,1.191997103,0.885064443,0.932417494,0.944756208,0.826451205,1.189169948,0.563980002,0.868615991,0.938569762,0.869328715,1.177180582,0.881336747,0.734521252,1.263992639,0.765450279,0.964424732,0.80800066,0.822434278,0.789818872,0.94877709,0.961853415,1.056593476,0.932887662,0.930446662,0.87244353,0.979482891,0.985669118,0.958551948,1.082965059,0.842297972,1.461441281,1.090308908,0.976262453,1.005797186,0.689962798,1.080772537,0.732676664,1.009411587,1.384449686,1.092632875,0.781720284,1.245999501,1.002773722,0.890158157,1.283339581,0.974914544,1.075418884,1.218746805,1.326948283,0.971160955,1.090495485,1.25942767
39,0.974569763,0.748535457,0.826522532,0.817219047,0.589430484,0.846082597,0.848865873,0.704654833,0.790693069,1.342428541,0.641099841,0.713343839,0.683664404,1.106781753,0.962459125,0.755548711,1.234328059,1.139830342,1.01209441,1.069805392,0.971047393,0.931682982,0.699312577,1.202805596,1.002396244,1.099993599,0.787165148,1.131919791,1.145447121,0.949888363,1.282005195,0.98766435,0.986903208,0.628029773,1.211122332,0.726199315,1.192118538,1.141113693,0.967037483,1.265318186,0.994720588,0.737895476,1.323331818,0.947337504,1.194147704,1.064687802,0.610375463,0.854255156,0.970106393,0.671143199,1.147097029,0.732422014,0.988518856,0.702609727,0.634084731,0.747590126,0.778528576,1.016457021,0.830159872,0.759920455,0.689177798,0.661796474,0.561002712,0.612593418,1.264009826,0.924759804,0.724032919,1.114843213
40,0.959899537,0.625916607,0.826749496,0.872187713,1.220638569,0.931607681,1.005463745,1.104483876,1.18255204,1.135273782,1.053191985,1.076240742,0.729947481,1.34849437,1.202453606,1.04455627,0.81693585,0.715515766,0.97410128,0.724946495,0.650781304,1.238519259,1.306740386,0.855291003,1.207922757,0.996877362,0.956656759,1.039940402,0.753951394,0.848243806,1.404704629,0.686045119,1.153744503,1.039344698,0.69738488,1.024268915,1.119378503,0.832746319,1.228409444,1.044024791,1.214285538,1.144343507,1.058110233,0.952334118,1.337359879,0.945314606,0.6676407,1.118434594,1.01477123,0.83382217,0.68839044,0.86688849,1.023467946,1.107903717,1.44061694,0.765496516,0.708902004,0.829023897,0.936503902,0.889156887,0.853045237,1.190099093,1.272500919,1.000712498,0.907144503,1.049535376,1.179662314,0.828088466
41,1.21336683,1.189167433,0.994513199,1.100981861,0.919044227,1.249615556,1.341924035,1.009664224,1.41350005,0.964708181,1.199639756,1.394459859,1.368519795,0.853146731,1.253404612,1.311826618,0.601995881,1.133171946,0.779755143,0.882136568,0.921200236,0.953967064,1.354970229,1.034363203,1.014379583,1.257975111,1.191903749,1.065217675,1.248570727,1.165242389,0.897414914,1.106172519,1.014009797,1.321108888,1.345510997,1.2605033,1.227511385,0.958444252,0.879628051,1.377647559,0.966001379,0.811252668,0.742732354,0.883885337,1.276259006,1.130962335,0.86531694,1.185748225,1.000882306,0.887494377,0.826058545,0.892386828,0.79911881,0.788111889,1.454727965,0.761593216,1.311676435,1.25335188,1.05591546,1.048930675,1.055494841,1.080967434,1.20313866,1.095864802,1.225690111,1.270064272,1.205271578,1.200028261
42,1.252530451,1.222560193,0.949252399,1.017405383,1.227254999,1.079717963,1.315233513,1.304892576,1.064420708,1.030315319,1.222047094,1.156488453,0.900862076,1.06640784,1.055530102,0.86842125,1.265154353,0.829077119,1.106061041,1.137799754,1.164433507,1.031610076,1.06938593,1.204600993,1.000869363,0.818159178,0.724984258,0.966691975,0.982244585,1.092057554,1.293271001,1.022006964,1.115685976,0.974993812,1.159398302,0.902218576,0.791710935,0.981785961,0.682405213,0.845529148,1.103581441,1.186491857,1.076412691,0.934423822,0.862195935,1.090083125,1.151106117,1.039628571,1.312468176,1.012121029,1.086614871,1.149664373,0.93501158,0.671909505,1.015196024,1.053044301,1.213729258,0.963436741,1.053368007,1.107964601,0.80082857,0.777377205,0.606471509,0.724341117,0.711458525,0.702005841,1.188481559,0.920250388
43,1.196973222,0.991251587,1.083543101,1.12359556,1.043509732,0.744040531,0.818201502,0.911675217,1.18443388,0.880934887,0.981277447,1.069704361,0.829113317,0.766763053,1.043820602,1.072481667,0.642997923,0.888142459,0.814521114,0.878181721,1.338327991,1.081635295,1.391769661,1.116444389,1.196297598,1.221032938,1.272804859,1.124581629,1.149324856,0.867052546,1.383783628,1.049317019,0.677061725,0.747648105,0.701192813,0.803963847,0.970059879,1.140432135,0.942244849,1.183132178,1.228512387,0.997626375,0.872650818,1.140944084,1.288324023,1.230435962,0.885612183,1.210811171,0.748773405,0.700537711,1.17778423,0.775509287,1.018461836,1.113508192,1.031108403,1.05794259,1.179554577,0.896815487,1.166354894,1.186510078,1.051815631,1.163615289,1.420558694,1.25596185,1.042634386,1.297142898,0.697639523,1.093615883
44,0.896565278,0.572040316,0.898222017,0.87949254,0.902190555,0.701378563,0.823512535,0.83121041,1.166754357,0.696985259,1.011686845,1.131926773,0.822367648,0.994468339,0.675804119,0.787821205,0.78309551,1.274768115,1.075292302,0.777264087,0.697203379,1.078694423,1.213824415,0.63114343,1.068082375,1.307516068,1.024463591,1.060429978,1.278195405,1.122687624,1.36677536,1.294557505,0.903291913,0.867942708,1.00733535,0.865448993,1.038922501,0.937693411,0.88186966,1.083150108,0.686818683,0.713485477,0.738597339,0.788270079,0.812659299,1.002805994,1.199524352,0.846562794,1.303325458,1.101644634,1.35592311,1.286042606,0.722521081,0.910040919,0.72812422,0.704018538,1.150306355,1.057902547,0.774182994,0.921624872,1.274153845,1.11399257,1.339303922,1.31318115,0.581304543,1.065239587,1.089873628,0.863566979
45,1.248089881,1.165017048,1.159477184,1.225593684,1.024446593,0.993920634,0.930757222,1.124528906,1.221655228,1.252518197,1.127461948,1.155975412,1.421560245,1.116926719,1.241186146,1.315247311,0.762683864,1.338793047,0.879844111,0.83854905,0.694827858,1.021027999,0.948440129,0.831722713,0.952415046,1.021117316,0.871939947,0.909258552,1.087838102,1.047931755,1.309785779,0.979595876,0.775661422,0.784370318,0.564654863,0.720572233,0.833631926,1.017597869,0.611320777,0.779126331,1.235015263,1.393795129,0.706311645,1.10660485,1.084590964,1.103024194,0.698726464,1.054333738,0.846121469,0.978114676,0.969415246,0.90604077,0.659510332,0.976991996,1.19850642,0.85558882,1.057057076,0.943911499,0.901712559,0.93479323,1.303992888,1.27864047,1.400830229,1.374455089,0.63107627,1.066436423,1.185456477,0.673340871
46,0.776905603,1.339415137,1.06894311,0.939125617,0.677481858,0.83918439,0.710957282,0.662384615,0.64276871,0.719748514,1.038859345,0.829926324,1.274795235,1.116738725,1.061609703,0.97362122,1.016985193,1.102414107,0.831560492,0.922955826,0.96899508,0.822706563,0.616530724,0.856857802,1.298202615,1.322033299,1.058291619,1.176277516,1.042596777,1.177332792,0.596504476,1.028208261,1.092874572,0.923871338,1.217264601,0.848205495,0.982219011,1.013848219,1.32306174,0.84587085,0.873516997,0.809182832,0.754912129,1.110048959,0.769077985,1.03773832,1.041497691,1.046339725,0.789465357,0.979911719,0.868391141,0.90059981,0.736109859,1.109091926,1.429908136,0.848462864,0.943590517,1.003239012,0.998025464,1.025662744,0.969657612,1.226232007,1.331305632,1.139010943,0.714249364,0.878576829,1.336272089,0.697774397
47,0.817838119,1.354104249,0.901858087,0.835063344,0.823896908,0.808109824,0.638310273,0.795264653,0.85924606,1.158647652,1.068851207,0.995846426,1.316628411,1.052478067,0.936074866,1.067417607,1.146633842,1.407507578,1.023669493,0.977922717,0.68836153,1.1192214,1.24289542,0.724730663,1.035267502,1.116420483,0.582471412,0.885020862,1.21962011,1.128167041,1.317631265,1.152454769,1.038680731,0.996996787,1.324796059,0.996098502,1.222623287,0.88708025,0.576373836,0.993723748,1.048777215,1.319504033,1.353653025,1.216161517,1.18572907,1.169668426,0.914393382,1.066462499,1.230324776,1.13839337,1.101906442,1.120367515,1.362389504,1.331683249,1.074224627,1.187162117,1.127446305,0.983916444,0.924182444,0.9880591,1.032831782,1.140425477,1.245691033,1.153541342,0.670962793,1.221175274,1.118126474,0.681062506
48,0.80229641,1.277474161,0.898431376,0.893537088,0.904530501,1.22615797,1.251548384,0.884649875,0.697693267,1.269458597,0.785220285,0.710517138,1.152072297,1.01915886,1.002082983,1.205557454,0.934453821,1.366785338,1.143877007,1.148553043,1.32340439,1.218605387,0.689500326,1.342913182,1.182588256,0.848278989,0.852383211,1.047730962,1.122119314,0.903685215,1.316753587,1.128031904,1.096529922,0.7407846,1.210180578,0.816826939,1.076569971,0.69511822,0.796234387,1.215988999,1.261967165,0.906556346,1.180213471,1.14977518,0.96401667,0.913950897,0.948793525,1.008688183,1.059353798,1.325838963,0.921107636,1.306289443,1.254966804,0.905794457,0.539909933,0.969125817,1.073329215,0.790906956,0.966636796,1.087755071,0.830718291,0.964296005,0.80715513,0.824629534,0.899116732,1.024630364,0.564098837,1.013514799
49,1.15304118,0.994902887,1.081186656,1.090417759,1.099747961,1.221904822,0.981656136,1.006150698,0.823296358,1.212655085,1.035537702,0.889470834,0.95938497,0.602046166,0.706120872,0.84982956,0.997047,0.814285856,0.865808068,0.97628172,0.637020346,0.605723444,1.118427991,0.724338747,1.186639983,1.028652026,0.75915706,1.07523611,0.987054918,1.031756313,1.048489169,1.09763434,0.753620187,0.992898643,0.995200752,0.923933161,0.707972003,0.892660198,1.2983222,0.851067446,1.017023108,0.852441466,1.041513918,0.858493866,1.00218038,1.116045841,0.700658223,0.867874062,1.178168681,1.028698042,1.41004659,1.190100745,0.681169993,1.017260592,0.948728791,0.896533739,0.925408634,0.906892946,0.88116237,0.834468158,0.995790018,1.180646783,1.409817397,1.141222344,0.860779565,1.208979268,1.399163519,1.039486224
50,1.354181728,1.193994196,1.152355078,1.276366136,1.053007961,1.324330458,1.214500994,1.041109875,0.917013031,1.176400701,0.85843825,0.922874954,1.335478149,0.929052727,0.928922988,1.059311916,1.108330189,0.73853246,1.091919013,1.010773358,1.379339188,1.220768261,1.208358531,1.354124729,1.248253981,0.834168616,0.707740413,1.124047657,0.859838429,0.746707881,0.626063949,0.946619625,0.983963341,0.966728375,1.094492977,0.839528432,1.128771696,1.052632748,1.052844235,1.29370791,0.952122261,0.930844795,0.739384283,0.977593178,0.982847026,1.365824782,0.77544548,1.130658354,0.994829969,1.13620649,1.15604404,1.226579866,0.777679131,1.190231811,0.74444871,0.824955556,1.0868536,0.941195037,0.935148444,0.927878098,1.083625328,1.236576243,1.153812331,1.096806093,1.242834843,1.181526433,1.119927948,1.247406426
51,0.754550492,0.531929958,0.67276712,0.664060017,1.241765931,1.416027514,1.303619353,1.304428059,0.825437893,1.359941806,0.956907903,0.861237204,0.869465647,0.573098636,0.875663719,0.763646475,0.870356999,1.230040496,0.820406031,1.040268127,1.093428917,0.75302599,0.703189631,1.066924265,1.32532802,1.125204287,1.372728682,1.198346926,1.027086993,1.055823211,0.605542239,0.937582631,0.795608572,0.814570953,0.9799875,0.86309848,1.331561401,0.938345526,1.404942335,1.273127387,1.034860912,1.119958045,0.576021013,1.081940572,1.348964457,1.183272376,1.194679394,1.131771999,0.846943568,0.7908092,0.58379205,0.718498125,1.114870498,0.913160335,1.226057765,1.277742141,1.088864369,0.740105622,1.155628788,1.219367897,0.900698174,0.855478105,0.980098081,0.947553398,1.008601987,1.151729093,1.21591914,0.963874806
52,0.746352773,1.312772849,0.956786909,0.847925642,0.885617689,1.156569253,1.18905467,1.010721716,0.913835393,0.7731379,0.979451346,0.935001127,0.892817566,1.119481636,0.695423102,0.782302313,1.307419009,1.260089604,0.874507506,1.070888033,0.753328232,1.176889597,0.986606215,1.044477024,1.116983919,0.789941219,0.695744257,1.112202092,1.23649812,0.934012631,0.981669447,1.094623506,1.125146281,1.179170864,1.153498574,1.092038772,1.193366542,1.065720777,1.452896552,1.31199222,1.02280852,0.695657789,1.069815432,0.997874843,1.07422394,1.08804485,0.630303582,1.112983209,0.891600067,1.107208356,0.726154591,1.125866126,1.028954987,1.198852356,0.587773844,1.002492378,0.840619396,1.140669549,0.898889923,0.775492181,0.795263365,0.758445646,0.719956495,0.74631734,0.96081498,1.13388128,0.660463739,0.978953211
53,1.025103884,0.851016142,1.012674958,1.071180034,0.835725957,0.847914786,1.213058534,0.984316716,0.958395679,0.811546537,1.210525562,1.069394275,1.043888886,1.284252053,0.986281443,1.074732537,0.764381406,0.836153987,0.781003233,0.917598013,1.15308102,0.783888218,1.41258914,0.959314356,0.837409078,0.688758123,0.64086924,0.709280306,0.578135979,0.959956645,0.860726304,0.758976033,0.964268121,1.091023726,0.930539634,1.016687863,0.74159292,0.868259455,1.364419843,0.691248346,0.905276341,1.317123162,0.975062535,0.887163035,0.73779395,1.072007397,1.32338778,0.805472722,0.821207684,0.781081399,0.609934281,0.659511492,1.286931133,1.117167574,0.807660803,1.003669468,0.882823643,1.194673153,0.892177431,0.857692295,0.924171131,1.001739411,1.183585751,1.006931769,1.06089473,1.026304792,0.743260731,0.941799871
54,0.588029081,1.083717491,0.678179826,0.550902292,1.114639102,0.84931304,1.100763179,1.04415548,0.936291921,0.674956688,1.17903476,1.099485331,1.333540737,0.831494912,1.111792282,1.203375892,0.879080015,1.336309342,0.970392987,0.838513125,1.276137438,1.20826978,1.422220798,1.269345776,0.995791505,0.769715387,1.402850794,1.029724623,1.162399209,0.889642092,1.252982284,1.109437151,0.863535305,0.641739315,0.752267157,0.739945926,1.013925627,1.127597857,1.209610314,1.194493043,0.753391498,1.333273004,0.902918856,0.844827261,1.215294297,1.004588168,1.448251049,1.083071071,1.21120688,1.205956022,0.737638691,1.223986831,1.020614237,1.07174167,0.821120608,0.911227418,1.131430826,0.981687543,0.846289749,1.005519084,0.985276873,0.851414287,0.626094427,0.782884643,1.144214907,1.061268391,1.018286405,1.025100502
55,1.148892154,0.798934298,1.022009715,1.119438665,1.263141161,1.195350141,1.036667739,1.060415697,1.094210695,0.624797337,0.784725486,0.933546566,1.138918483,1.006307844,0.893167721,0.967891698,0.903316105,0.85924381,0.962584738,1.076380728,0.992326786,0.716587122,1.084289465,0.890768405,1.244019626,0.933555808,0.72005648,1.15761681,0.812005014,1.215750914,1.148327155,0.916040404,0.990015244,0.835086156,0.790951193,1.027150961,1.115937686,1.129191536,0.851592947,0.872822909,0.871740702,1.297954866,1.255573892,0.8832874,0.892717758,1.195466205,1.452468816,1.002242601,0.912028729,0.91827419,1.074972811,0.751381402,1.299578838,0.971853286,1.105992503,1.328300733,0.945044573,1.221778206,0.732013988,0.802919975,0.935918591,1.18813554,1.090130729,1.018131635,0.878192938,1.024191884,1.263473836,1.063242257
56,1.398032144,0.659168849,1.257143764,1.313620987,1.311482006,0.852192333,0.851784548,1.225715836,0.939804139,0.747500998,1.018422759,0.919908896,1.191258788,1.220526116,0.949594982,1.206674291,1.050255101,1.03540817,1.207631213,1.050475564,0.741747306,1.113767878,0.559478669,0.79699647,1.239838417,0.711222173,0.763023523,1.030046584,0.969143422,0.992384336,1.442909896,0.897727748,1.108735878,0.908563345,1.144460056,0.91400151,0.800146705,0.652009384,0.726853116,1.009669616,1.041230192,0.826242884,1.329050935,1.012243843,0.808338404,0.92055927,1.088957424,1.036832734,1.375217506,1.183115476,0.683348861,1.338870606,0.898347762,0.847715068,1.35591787,1.115394634,0.839399608,0.802738363,0.96231135,0.997930489,1.1501273,1.091360455,1.046351163,1.118081088,1.013965319,1.247550843,0.846509384,1.009118447
57,1.179783759,0.633727004,1.271190029,1.296687937,0.825784437,1.16237051,0.913915442,0.753331057,0.977322783,0.892418789,0.839392331,0.847998118,0.952298174,0.896584786,0.899971014,0.866840593,1.172482966,0.77765775,1.059456891,1.120203426,0.966201579,1.055646116,1.330673967,0.945745497,0.840790652,1.037121356,1.006283995,0.984745073,1.019852414,1.17530253,0.915255104,1.084001773,1.172525654,1.300030171,0.773797508,1.207338899,0.96405461,0.829746081,0.775952642,0.739373077,0.964261339,0.728211222,0.928661714,0.941672407,0.965799178,0.760942825,1.369418914,0.875964337,1.038774961,1.022672338,0.668437165,1.138536024,0.762041457,0.846553324,1.406109604,0.839705034,1.273298398,1.107425791,1.321677565,1.31158698,1.030529484,0.833435009,0.900223614,0.985621298,1.132607321,1.005903325,1.346190319,1.073060564
58,1.188480637,1.365392169,1.05033068,1.128191249,1.038296575,0.886472156,0.809211858,1.064027159,0.926297356,0.759769344,1.123177297,0.963036595,1.0125765,0.841831404,1.222613751,1.058284638,1.266010408,0.795708382,0.960176102,1.240573747,1.081080889,1.083450303,1.250597454,1.084410353,0.72516954,0.768831479,1.297332322,0.790020046,0.877887911,1.173961229,1.323504807,0.924771256,0.741404311,0.747964224,0.754676346,0.64978536,0.925895144,0.933233071,1.421144052,1.095559647,0.775142571,1.228105681,0.885249717,0.740118897,1.311736438,1.207280119,0.986677197,0.975790913,1.072051172,0.728328318,1.266169981,0.781295968,1.162797467,0.83605006,0.612085585,0.855443157,1.314516898,0.894523145,0.993288119,1.042933195,0.845017035,0.725517974,0.633962349,0.745988355,1.216737971,0.729733096,0.701127075,1.104531237
59,0.991268499,1.120095501,0.852773314,0.91606004,0.823056676,1.173081611,1.08923795,1.01638527,0.804731487,0.718796951,1.191873201,0.980628178,1.037848934,1.163300367,0.761511974,0.940963265,0.747084957,1.241494791,0.842319608,0.796872848,1.250510748,1.054374462,0.842057984,0.928454766,1.168841474,0.969570276,0.772075702,1.229932211,0.781687036,0.710359784,0.932044175,0.856527311,0.749667301,0.944460844,0.914971656,0.929537506,1.08939067,1.081679664,1.203352355,0.950577814,1.076192782,1.141215536,1.404655149,1.026726404,1.192870251,1.026937896,1.229091735,0.881101143,1.107748688,1.017732773,0.787666129,1.049849012,0.797874841,0.714557132,0.93256397,0.810711894,0.684666465,0.836699205,0.690395876,0.712426261,1.146629029,1.232456945,1.368307117,1.289993864,1.123318305,1.001416468,0.827191164,1.236790368
60,0.762069681,1.003781408,1.02232298,0.927929004,0.826147709,0.947181221,1.185393001,0.841471427,1.344558376,1.171747482,1.246309011,1.270261188,1.262682515,0.911285966,1.147227432,1.068413873,1.297427882,1.157443144,1.070659471,1.037765296,0.854489429,0.963861407,0.748651108,1.034696882,1.280850246,0.985643769,0.561646569,1.279172294,0.931286449,0.977132482,0.877648122,1.032020614,0.878568924,0.833647134,1.264071143,0.808429475,0.872154846,1.08970154,0.723701321,1.090953563,0.928343458,1.115898249,1.031573269,1.006670319,1.160847327,0.715322727,1.34394783,0.841192814,1.050763837,1.235564414,1.146252372,1.129129947,1.374321066,1.02897908,1.076764206,1.131263778,1.23459747,1.320224188,1.252280468,1.215970879,0.977665062,1.145445005,1.238451363,1.06671046,1.179419944,1.042608192,0.905318426,1.156269191
61,1.138231034,1.385267013,1.109558755,1.195547547,1.253808158,1.036312704,0.86676582,1.085483373,0.721868856,1.27512018,0.868132,0.728848869,1.025170889,1.039841607,1.003995844,1.086043304,1.316812279,0.776633891,0.991817535,1.318970864,1.415454096,1.104984249,0.770152609,1.374145867,0.961140321,0.810158792,1.105974502,0.870238018,1.064980573,1.204369682,1.455059423,1.018768697,0.822218299,0.904576392,1.133055191,1.079500037,0.583933611,1.121567547,1.083295204,0.673648678,0.948781098,1.219527397,1.010367441,0.96922126,0.995476155,0.873147361,1.427459453,1.256885256,1.181721973,0.971749773,1.334001659,1.065520705,0.698961264,0.739849641,0.576893119,0.934539585,1.134814284,1.046574622,0.774783002,0.914632202,0.916724796,0.850166283,1.03366986,0.900912462,0.759951595,1.067987928,1.356812414,0.886982021
62,1.189518502,1.225556281,0.965194255,0.994537402,0.922646356,0.803055413,0.850297833,0.969125058,0.837882009,0.828482513,0.767585123,0.762242407,1.097750095,0.73720979,0.810614719,0.959041469,0.808507944,1.242325291,0.641678609,0.767301942,1.027418953,1.138350599,0.941419695,0.873399947,0.803081189,0.900062524,1.089120439,0.887642267,0.954703281,0.882860209,1.103124675,0.971296683,1.181124435,0.888871839,1.006727912,0.881139081,1.063687636,1.071618197,1.178988589,1.335417078,1.171396277,1.297705068,1.108258402,0.924361816,0.667475464,0.7887411,0.90465511,0.849320088,0.900283388,0.840950677,0.945685541,0.874894825,0.701436612,1.180081514,1.230577809,0.849707732,0.947784987,0.734529905,0.923430079,0.992499723,0.731693995,0.956163751,0.765654775,0.713916005,0.750651538,1.130804881,0.973173046,0.829807936
63,1.336068905,0.669472946,1.176850263,1.193073992,0.971423335,0.90357901,1.258785846,1.143763111,1.263474929,0.836553788,1.095478275,1.254104593,0.820993418,0.782926541,1.082651462,0.86177435,1.223082213,0.725227463,1.117411755,1.051841722,1.11205756,0.646179523,0.713083913,1.078204943,1.094073192,0.773205952,0.622184197,0.954253319,0.711549549,0.709600932,0.767913118,0.811061152,1.026733179,1.272600635,1.154631016,1.208975909,0.895236315,0.735109599,0.909209209,0.666398187,1.244314183,1.044650256,0.981125811,1.179058227,1.115463745,0.793652175,1.308642143,0.996642619,0.836323573,0.86979897,1.161989062,1.010230474,0.83200245,1.113896973,1.325084624,1.011859515,1.048697829,0.996181104,1.247871601,1.194414821,1.04618527,1.282172112,1.390429145,1.229479806,0.952333835,1.139316854,1.26049162,0.91571225
64,0.891540666,1.168113629,1.184006639,1.169783134,0.769198484,0.966124279,1.311711839,1.040491631,0.86150086,0.960159954,1.138013619,1.037716329,1.39225659,0.752994539,1.160872765,1.317178374,1.221389005,0.672611297,0.899428454,0.911360538,1.057523789,1.273250007,1.35278833,1.151528154,1.241071269,1.329180245,0.950523391,1.325183395,0.934420507,1.084840307,1.134497056,1.080802122,0.601693904,0.94588582,0.762127867,0.581430247,0.852239539,0.760068423,1.331347433,0.698915353,0.733653671,0.620455998,1.235933311,0.826962818,1.205767892,1.238083562,1.43306505,1.122952622,1.055709567,1.300565928,1.266249595,1.229770987,1.412591556,1.326185091,0.777726916,1.263353008,0.799130916,1.295779414,0.997250444,0.882381813,1.158752133,1.323587028,1.331970696,1.198717854,0.996936743,0.918729404,1.049300901,0.988032982
65,0.805349512,1.015902923,1.128025589,1.046488716,1.049654026,0.993328771,0.838049335,1.105391162,0.754215563,1.158335472,0.801615538,0.747596383,1.264693834,0.719883502,0.881655312,1.017940055,0.942930053,0.676674527,1.092014059,0.954807504,0.778068369,0.708498804,1.088517374,0.940439242,1.166726372,1.327848276,1.213233243,1.313591631,1.269984633,1.004419508,1.308171788,1.181700328,1.149458866,1.093829853,0.937703998,1.176150186,0.725573257,1.046873304,0.692156203,0.918751471,1.110871277,1.135275263,0.754378939,0.904350602,0.707627291,0.869936831,1.257762215,0.880843155,1.187325534,1.031249891,0.77280837,1.048785356,0.656343512,1.307661901,1.176568311,1.023975471,1.039709991,0.688394281,1.090557496,1.005867779,1.243798614,1.092769473,0.962657175,1.12721792,1.120615894,1.261307982,0.591790608,1.183946528
66,0.633246427,0.68505922,0.978161415,0.860939787,1.112896408,1.096170075,1.265249373,1.185750287,0.701748185,0.891793909,0.711681898,0.718271344,1.237746951,1.230843581,1.3020408,1.194604007,0.868616508,0.915865726,1.065459356,1.116502037,1.050833421,1.331972225,0.673764815,0.917268975,1.142708973,0.977586487,1.437656428,1.071824142,1.162585187,1.229231652,0.678813336,1.076599194,1.128222381,1.229103071,1.060550701,1.30558255,0.933390139,1.24064573,0.540312365,1.101014374,0.897560319,0.753102245,0.981483644,1.083123604,1.388805581,1.211662637,0.636684855,1.01104382,1.08610355,1.252385821,1.163859675,1.283849136,0.80458068,1.23675181,0.827869052,0.994197269,0.987171265,1.107617952,0.902773184,0.908818339,1.186757768,1.185870804,1.120635249,1.124853079,0.666425489,0.600599189,0.535322263,0.593306442
67,1.283221152,1.366953339,1.042246068,1.116667356,1.200381496,0.915497542,0.873411023,1.123426801,1.221494797,1.066784977,1.253589557,1.302640172,1.253665047,1.103178428,0.948254552,1.219491638,1.30859593,0.747051232,1.193144467,1.160266722,1.196047969,0.798434603,0.832876712,1.187920521,1.066151024,1.353597548,0.858836374,1.07516063,0.877473954,1.038376383,0.70280808,0.855285315,1.338554293,1.310890729,1.013074007,1.357363725,1.289463703,1.232251087,1.356068422,1.159572678,0.946089587,1.231676313,0.588436604,0.866526982,0.632958319,0.84589473,0.808005443,1.027604276,1.011512512,0.91454803,1.161528213,0.845174176,0.986536869,1.307152261,0.991943393,1.186321013,1.226450333,1.249931637,1.148926936,1.220250487,0.876811781,0.643309416,0.570629272,0.731123397,0.76369485,0.969371104,1.223273659,0.730165217
68,1.399163109,0.928653366,0.984612278,1.132883934,0.947778134,1.056750041,0.931762704,1.022218158,0.649853698,1.116175777,0.964097767,0.788694802,0.826770639,1.015108737,1.043659936,0.953360087,1.407955103,1.39949692,1.310829813,1.455350672,0.883597066,0.631406115,0.761880847,0.867122527,0.845384608,0.797702956,1.231334314,0.86937384,0.863350902,0.946847069,1.192925393,0.84836188,0.845036721,0.900397282,0.711772631,0.894941741,1.166879666,1.009846568,1.265782899,1.211992806,1.285929184,1.00027143,0.93853488,1.211940432,0.797227308,0.797208892,0.712000471,0.846098318,0.623585124,0.618352618,1.294704874,0.588250977,1.326590478,1.046336844,1.060494984,1.239500959,0.728240502,0.95520612,0.981958714,0.777112754,0.783204587,0.658441004,0.702631793,0.699981381,1.123497537,0.942830109,0.854843848,1.175961808
69,1.127343145,1.355373244,1.20286652,1.194649612,0.943954736,0.931692875,1.156211344,1.054175126,0.965979668,0.783657495,1.150296002,1.119692368,0.849269029,1.284140399,0.71848299,0.869113608,0.952595687,1.099437811,0.760631678,0.924033872,1.14270697,1.23950596,1.026348974,1.088926416,0.822848115,0.987627656,1.451149765,1.035963506,0.799026205,1.186161556,0.619155367,0.915061171,1.156764896,0.989709366,0.931122294,0.967693156,1.206039234,1.324384432,1.126749882,1.29957679,1.311489339,1.335031155,0.732592564,1.25701826,1.076122883,1.334959858,1.226469594,1.167619,0.99811181,0.870585494,1.017369434,0.913249549,0.911345808,0.721290697,0.708613752,0.788790639,0.967636894,1.099488016,0.996704724,1.001462206,0.941860311,0.941530515,1.065514681,1.006267754,0.74635458,1.181770297,1.176784814,0.76178217
70,0.843325499,1.227455569,0.767454876,0.735482343,1.105143197,0.927399373,0.741515462,1.030304381,1.404057142,1.400568924,1.059281122,1.245220507,1.131784621,0.828123495,0.849404309,1.063825239,0.814398937,0.868370863,0.86905071,0.81829724,0.869339848,1.35598433,1.383914053,0.83074786,1.223788734,0.981464957,0.639470879,0.969505414,0.920753462,1.204064139,0.606913875,0.920300807,1.265484964,0.822415381,0.795671213,1.02097941,1.262212139,0.93613946,0.660004904,1.202052703,0.847356703,1.308249191,1.312042068,0.948600323,0.799675001,0.884716412,0.909890796,0.656397927,0.886763263,1.011869407,0.777088207,1.011560668,0.611896708,0.630826366,0.73439212,0.761284561,0.888214079,0.82368467,0.995606546,0.858103409,1.051072662,1.020428532,0.829651265,0.950547965,0.902469029,0.829687534,1.068878897,0.823038037
71,1.337529713,1.202081327,1.25928227,1.280269418,1.282647727,1.10547368,1.04312692,1.193327039,1.367945625,1.161761238,0.97426805,1.250082658,0.927384139,0.758091805,0.804717633,0.828355377,0.977668186,1.037908596,0.919214779,0.784550445,1.177802981,1.278270666,1.003146489,1.140178949,1.318240017,0.74527295,0.985998754,1.219708474,1.149819253,1.046920048,1.025311102,1.135473675,0.757154545,1.040834449,1.329359669,0.794206329,1.093411568,0.959296145,0.848993173,1.16737848,1.125171217,0.682727726,1.16467879,1.096945342,1.213957074,1.257903351,1.414910923,1.20160397,1.224012878,1.224381533,0.874877495,1.264860581,1.269471052,1.0849523,1.312860478,1.266138163,1.115835948,1.113587304,0.944781882,0.950270907,0.836219339,0.706834201,0.672225053,0.76601761,1.377326957,0.718151501,1.451257486,1.158138882
72,0.699019901,0.763074297,0.599284722,0.628296658,0.889394363,1.024442486,0.933679752,0.945030756,0.668171115,1.296326364,0.914966202,0.742354155,1.078011954,1.107294531,1.236128731,1.141047036,1.309785489,0.765144657,0.761130809,1.056886601,1.050258938,1.130995875,1.395895201,0.979195847,0.779476674,0.716336116,1.044213763,0.8331686,0.686647776,1.143463435,1.146416674,1.002899493,0.820837773,1.056174113,1.084939926,0.907317814,1.317052275,1.047525493,1.109560757,1.295115116,0.974127413,0.856722483,1.072992489,1.11495596,0.835531333,1.293421501,0.662627605,1.10544116,0.975483036,0.795187561,1.013724025,0.760297338,0.985699596,0.942805883,1.074949939,0.93854053,0.76596573,0.691210117,1.041666561,0.883960039,1.079049148,1.228401588,1.409447679,1.21663468,1.197829021,1.055651112,0.811201935,1.114275277
73,0.704181083,1.040698041,0.825431789,0.779699546,0.788821473,0.630643365,0.675651959,0.799515797,0.896200102,1.198171424,1.154286813,1.002532381,0.971645239,0.657265084,0.72987735,0.844680073,0.856535239,0.914692074,0.874289609,0.786746224,1.176159349,1.098432592,1.1718525,1.21621606,0.795599351,1.347239095,1.078367745,0.991022107,0.690911799,0.892409114,1.398953691,0.94407683,0.75359043,0.848460787,0.619569633,0.742692373,1.403082842,1.077728019,0.916348154,1.343033754,0.969459723,0.836213824,0.824177457,0.952859742,0.804184582,0.932774145,0.560916208,1.026272503,1.010452345,0.942629457,0.593955222,0.900861311,1.348406974,0.801906004,0.873771071,0.974375072,1.278330114,1.178170884,1.047974004,1.018561428,1.069215069,1.227268059,1.282948038,1.189529016,0.826154617,0.837680945,1.228338566,0.945067921
74,1.029911326,0.778508937,1.22595812,1.192547375,1.034215443,0.838223135,0.747954649,0.928408024,0.800497321,0.880475771,0.948680939,0.861872973,0.745492013,1.238746133,0.975775301,0.8857081,1.247038895,1.382131067,0.823456147,1.018543896,0.707127872,0.897642707,1.000325858,0.790574172,0.822959023,1.232656283,0.56015023,1.072111572,0.837303568,1.285644011,0.763361709,1.060343678,1.206411194,0.952411341,1.120051763,1.068374722,1.223790978,0.741093432,0.880619705,1.138345549,1.219682805,0.859965222,0.78486534,1.057414398,0.869289843,0.995508092,0.767150883,1.024265496,0.798877463,0.955268193,0.617459033,0.769745564,0.898501235,1.185185312,0.565244773,0.884431712,1.009132667,1.109944572,1.041818684,1.090198356,0.9911942,1.040295331,1.2113895,1.078688057,0.996731227,1.080483968,1.171677081,1.086915349
75,0.973537848,0.864760373,0.690906026,0.775495388,1.400155862,1.195364353,1.188986045,1.209131944,0.970924297,0.571090125,0.876696103,0.876138938,0.64606064,0.658846825,1.042357141,0.880422181,0.648329286,0.598625999,0.938041683,0.953264776,0.858470553,0.655868086,1.073529991,0.887764376,0.814752363,0.854603902,1.006978805,0.817905178,0.960881399,0.732387776,0.988760746,0.820028745,0.858834355,1.26094767,1.293868879,1.105860387,0.993515453,0.992059518,0.791078978,0.941483739,0.834779807,0.998710545,1.231823271,0.961057609,1.332281781,1.077660003,1.14371216,1.041195526,0.869793386,1.080506613,1.016991291,1.019955691,1.428189274,1.100639024,0.728626362,1.228456489,1.154634658,0.742094065,1.261724366,1.257060087,1.223617037,0.954420527,1.033087017,1.153944801,0.937883147,0.734206414,1.368315488,0.82063021
76,1.188202701,0.688125405,1.357789149,1.326379692,0.898364354,0.888281314,0.955485871,0.931765511,0.754365654,0.613186923,0.861486863,0.765108397,1.267343969,1.344611722,1.242884257,1.208491728,1.07755971,0.972348913,0.954794237,0.826960824,0.920776624,0.779528002,1.15281354,0.880594976,1.077646793,1.102478932,1.372967785,1.032615601,0.634203772,1.110817678,0.698082436,0.840030193,0.86049821,0.82016366,0.90057218,0.887182064,1.067842368,0.834659695,1.034805183,1.232331078,0.79691822,0.725302337,1.28804782,0.688848031,0.891464106,0.788619557,1.256034601,0.874948761,0.904531507,1.018081061,1.134103595,1.203266111,1.395047423,0.768793318,1.069031064,1.022121318,1.001260046,0.976149,0.908525185,0.892853879,1.122174033,0.974457234,0.903372738,1.0630888,0.937749273,1.222280677,0.617211104,0.951489371
77,0.81263991,0.953973314,0.839449462,0.844664359,0.866729067,1.018333876,0.868749928,0.854808909,1.353735135,1.396565507,1.253257971,1.395068966,1.31389968,1.096648952,1.219106065,1.198824718,0.907605323,0.836691456,1.030568289,0.747691284,0.873854655,0.992369452,0.739355236,0.743419283,0.586703368,0.836721584,0.581319114,0.711122692,1.104131095,1.108029759,0.702697272,1.150015124,1.334592865,1.041000546,0.731749183,1.337459855,0.881467737,0.833389694,1.195407864,0.962694856,0.84534366,1.175881338,1.163476904,0.806110326,1.053714435,0.791661132,1.01571718,1.141259381,0.661246218,0.666316712,0.558388436,0.640652619,1.353744983,0.956049938,1.068663994,1.154323549,0.958281518,1.072997659,1.029458415,0.952036338,0.864049096,1.119316705,1.277012326,1.081514727,1.332613105,0.747336992,1.090571726,1.138412753
78,0.807052252,1.235284303,1.096814543,1.033632079,1.230571275,0.964972008,1.378687857,1.08037068,1.276985553,0.739312947,1.120385641,1.234253851,1.148856446,1.164859206,1.223400135,1.168867672,0.839921854,0.660759444,0.918898561,0.797459856,0.649932771,1.119304568,1.038793708,0.874965323,1.055309749,1.186927077,0.738838468,0.969483583,1.393905459,0.940175358,1.253810969,1.147668986,1.245646971,1.305113892,1.10542371,1.291116147,0.83537618,1.002691526,0.966757366,0.807001711,0.803244649,1.062291056,0.757919812,0.693292101,0.925450407,0.874183874,1.143160811,0.819204886,0.825986538,0.776845871,0.605273291,0.861640348,1.182105629,1.150895898,0.645849112,1.101188796,0.925329833,1.222481409,0.827593299,0.796883797,1.047629908,0.954119373,0.842021413,0.932033699,0.812971582,0.797122653,0.91720003,0.760395973
79,1.047052509,0.919727238,1.237867757,1.221708049,1.223807781,1.024943663,1.046158114,1.270459583,0.572770377,1.382026905,1.04263227,0.786900128,0.711252237,1.126872652,0.989120474,0.984230469,0.908160582,0.781061654,0.881969593,1.038241138,0.8062319,0.649969891,0.802570473,0.696335881,0.996463963,0.992001882,1.386512,0.853637315,1.336512726,0.933687205,0.975444011,1.148122584,0.966623792,1.059928748,1.163687666,0.854782801,0.866970366,1.010076102,1.004081966,0.807810716,0.7116431,1.259876597,0.637620697,0.906033504,1.21361785,0.981215754,1.029188906,0.931299775,0.992849434,1.195140875,0.925741656,1.309317331,1.282888068,0.861698215,1.425942414,1.289683156,1.207369562,1.313802887,1.002970526,1.065244894,0.960187052,0.858412714,0.717348575,0.854325177,0.662987266,0.611991166,1.086421006,0.666409967
80,1.021252383,0.952748641,0.907673804,0.971371696,0.792212353,0.993117757,0.895623231,0.822494428,1.20255291,1.252665974,1.047653864,1.084809827,1.205918983,0.728778359,0.880241302,0.98273783,1.211398971,0.981962106,1.073896295,1.099471666,0.922753062,0.699483592,0.622283926,0.843117126,1.090289998,0.871508394,1.245883143,1.23174919,1.147337491,0.987544207,1.017510379,1.196153097,1.013915548,1.138681541,0.73978438,0.997805491,1.117610118,0.952267732,1.059074684,0.754912153,1.004224697,1.072891288,0.695285477,0.942867594,0.702817348,0.832106788,1.328338773,1.073825033,0.939002626,0.93402938,0.884138301,0.795518526,0.853004549,1.232423197,0.669609963,0.70202153,1.390353999,0.884791197,1.175921171,1.394444796,1.006914636,0.786816808,0.653509227,0.870524634,1.307125064,1.414267186,0.575993289,1.318528
81,0.978296331,0.984206288,0.932837622,0.882581824,0.985713459,1.100422972,1.188184427,1.090814196,0.98666637,1.358840213,1.150611241,1.109328128,0.938521503,0.982870044,0.991414723,1.046934682,1.023641583,0.590492683,0.845941501,0.929792092,0.972654814,0.750254343,0.759258558,0.883064055,0.742910083,1.231217732,1.42133832,0.918783175,1.199758162,1.176574741,1.003829735,1.316471934,0.871428602,0.755871441,0.585208892,0.686806767,0.831088439,0.847676158,1.15459977,0.883508088,1.000475387,1.017595416,0.701996163,0.978422687,0.699541923,0.763103853,1.375919133,0.771487,0.928487508,1.085931866,1.286395755,1.136415219,0.99825752,0.844666825,0.89911899,0.950873692,1.073553065,1.245166951,0.947114597,0.98291429,1.291688734,1.306482646,1.291124605,1.323574531,1.402654793,0.797112513,0.702898915,1.123489464
82,0.654445696,1.160291022,0.804735897,0.709856404,0.724732972,0.690733305,0.684099108,0.984183401,0.745739957,1.115912567,1.142431292,0.907421923,1.288462884,1.155498748,0.910935233,1.113527603,0.674417305,1.260643701,1.134967014,0.940920886,0.786313517,0.831998578,1.421223635,0.99958572,0.76781345,1.236666488,1.105629636,0.926619364,0.966781393,1.236410645,1.264423322,1.149275297,0.848377376,0.975030394,1.253401792,1.056286497,1.011923307,0.895063907,1.461752967,0.667348665,0.96925754,0.857741261,1.359228547,0.967227566,0.702476716,1.140931293,0.93213144,0.919655959,0.997979962,1.227923127,0.633668394,1.189236154,0.835472548,1.172646633,1.269373805,0.710024013,1.340348015,0.982923221,1.119349671,1.291379452,1.214746795,1.297343883,1.306838714,1.291800942,1.330396075,0.881005435,1.277716952,1.384598884
83,1.222079597,1.297418071,1.323684121,1.287327415,1.158670407,0.723127646,0.809257204,0.941641669,0.613535265,0.723306431,0.721737432,0.603772549,0.772401183,0.688446248,0.957098583,0.963943863,1.348476086,1.024982359,1.107917773,1.214397073,0.88534461,0.833168076,1.312034601,1.13058279,0.670131606,0.958793119,1.296838488,0.828950663,0.912983419,0.826476135,0.906034146,0.9782886,0.745103014,0.897369281,1.187167899,0.973284298,1.157985224,1.249186908,0.849486047,0.941566546,0.847917021,1.129856951,1.398976482,0.838282017,1.082099641,0.931710445,1.288000955,1.034919555,0.90370416,0.981675253,0.680957394,0.809481294,0.608388885,0.863063086,0.68588324,0.614827667,0.938453558,0.849031641,1.015252121,0.857904634,0.741122686,0.877628021,0.915902852,0.797126297,0.985516812,1.140257347,1.282905254,1.063462572
84,0.987253215,1.059145883,0.757276221,0.752315532,0.872594499,0.729448299,0.859946606,0.928093586,0.911579656,0.662277194,0.929382333,0.850306089,0.626876664,0.804727375,0.817564277,0.708003811,0.955798613,0.866575027,0.983968977,1.086653234,1.228115353,1.013826858,1.098584337,1.306531679,1.065834407,1.089910827,1.448152942,1.183553626,1.313404008,1.273646982,0.839028311,1.253844804,0.99706583,0.999864789,1.029419387,1.162763284,0.615956722,0.573117987,0.756359752,0.69965928,0.796190255,1.199728913,1.056445423,0.915052446,1.098111956,1.019911828,1.244710455,0.811019511,1.097739859,0.876926342,1.013707684,0.949300884,0.615031631,1.129899405,0.548031445,0.865363953,0.825870258,1.25962268,0.891963294,0.951985088,0.749556488,0.691767296,0.63924486,0.693247176,1.239404938,1.139328997,1.03810819,1.220597752
85,1.368023576,1.240800868,1.154790219,1.173829458,0.888317156,0.867549948,0.716263773,0.925513658,1.213730053,1.271406943,0.841005473,1.032307787,0.934837483,1.000411017,0.995430549,0.941503299,0.918711071,1.061441554,1.188819976,0.987321791,1.008180631,1.324976077,0.917869149,1.073005537,1.131803008,0.862319277,1.348500285,1.142200398,1.115882638,1.019354707,0.813173446,1.274952133,1.171178671,1.080295529,1.254808662,0.861436583,0.72294488,0.978394551,1.047059638,0.751009979,1.072819668,0.774154907,1.03882741,1.08898297,1.071579789,1.210656189,1.172545405,1.087729045,0.919161621,1.255093252,1.264127005,1.151831116,1.340100883,1.114504189,0.976835636,0.975070681,0.688358736,1.058468626,0.949414531,0.853557175,1.066486561,1.106800578,1.146295422,1.060617527,0.672204275,0.994009937,0.629209358,0.823815583
86,1.014283052,1.242880156,1.240200027,1.210079037,1.060369964,1.150691323,1.061593461,1.163104191,0.943029778,1.063256739,0.913503674,0.868417855,1.09525731,1.366393502,0.935924019,1.157079586,1.26108465,0.89627331,0.898722076,1.060712237,1.187663252,0.934582185,0.932475443,1.283227464,1.07856998,0.789236341,1.12677078,1.012763808,0.822417802,0.83319328,0.619558032,0.77466058,1.357725878,1.079283411,0.7646442,1.199646283,0.696273517,0.926724091,1.051228189,0.675254071,0.756587458,0.656080222,0.712701731,0.999026856,0.854934568,0.921705946,1.249437936,0.812636431,0.918874143,0.585211964,0.963199658,0.612679839,0.688331647,1.102332728,1.121799239,0.804608651,1.307533646,1.254460531,1.39448957,1.36252116,1.197035231,0.978622838,1.128949256,1.185760337,0.811203113,1.181552717,1.365455831,0.710788237
87,1.040105225,0.748627585,1.027268083,1.046912886,0.813174676,0.767661938,1.040518225,0.815136675,0.845176022,1.077315551,1.029751223,0.934061175,0.728418638,0.806088869,1.169220158,0.931891167,0.825478094,1.23732725,1.193238835,1.05016565,1.091056446,1.208890779,0.768670283,1.11396185,0.967030866,0.963781386,1.146903041,1.012514505,0.678612818,1.038762099,1.116339517,0.865583361,1.305318777,1.180650013,1.004762413,1.271473377,1.197918427,0.980690107,0.71288002,0.964012693,1.020604184,0.758173147,1.084022289,1.036844604,1.101198789,1.083310699,1.116740827,0.896939879,0.870242721,0.835757411,0.965537691,0.704283151,0.787091498,0.982760166,0.905643099,0.74910092,0.918508291,1.050173789,1.076773214,1.094332951,0.953249473,0.958582924,1.105214595,1.01831439,1.280889083,0.974520133,0.712816516,1.208961024
88,1.091208176,1.257298543,1.140813427,1.198522351,1.183776161,1.308976082,1.086595824,1.048184912,1.073733022,1.185546604,0.975582191,1.068660637,0.744022528,0.669338553,0.916551643,0.702980857,1.271292323,1.130773808,1.284925327,1.233952562,0.764659015,1.019031005,0.828843903,0.968735747,0.831319313,0.737996129,1.224862733,0.920666977,0.813106685,1.097404941,1.361908817,0.852022744,0.983437634,0.764672214,0.822045281,0.790612681,0.87319371,0.924151028,0.546402533,1.018580615,0.597996124,0.906544554,1.200982666,0.811096964,0.731227069,1.049034345,0.67818439,0.886861976,1.204639243,0.996005658,1.00654082,1.119518983,1.089532341,1.306351365,1.017795211,1.226479299,0.778561556,0.69641177,0.939670711,0.84373721,1.079842001,0.766983328,0.687886353,0.917190179,0.705840688,1.037379925,1.192298075,0.670480113
89,1.036103449,0.940563411,0.798663518,0.836338132,0.731196011,0.902636632,0.700988732,0.762826794,0.748518737,0.647280734,0.86809872,0.782185083,1.009914446,0.815348063,0.821986845,0.881296841,1.199891347,1.200078436,0.974916188,1.08426674,0.83374671,1.350611931,1.06011898,0.789745736,0.910031831,1.065584686,0.788223148,0.85531961,0.794909873,1.059067155,0.974147526,0.935068593,0.882009599,0.729239289,0.786913981,0.753487615,0.720001712,0.69495124,0.933917116,0.625216932,0.891451352,0.916763695,0.560465206,0.852220073,1.083102864,1.031956584,0.990070251,1.149147339,1.046537051,1.044277819,1.303368985,1.061331603,1.310646595,1.027152773,1.342778865,1.402459373,0.882873177,0.924404497,1.013756718,1.066191508,0.965436104,1.239697566,1.145448031,1.056182015,0.912287226,0.967524817,0.689168983,1.026426579
90,1.034640328,0.814169232,0.810531204,0.81843864,1.134396926,1.187995319,1.065993577,0.985033803,1.085616107,1.028910667,1.191210624,1.109102848,0.783516175,1.111344402,0.886021139,0.814990145,1.225279662,0.839830493,1.096839563,1.299170407,0.635521577,0.847914971,0.857751647,0.735231061,0.779458773,1.038516434,0.564565029,0.776441394,0.866004724,1.055459511,1.334596146,0.693676654,0.972830501,1.145497846,0.702159308,0.900780275,0.881624772,0.704749586,1.29459302,1.106902141,1.198128901,0.950719964,0.66334314,1.184180246,1.333687433,1.317265416,0.760194811,1.041702611,0.997061076,0.95565343,1.251539501,0.918824919,0.563363327,1.098930516,0.650176123,0.694660498,0.695023542,0.616035271,0.752108426,0.663733286,0.90083725,0.998769075,0.799268572,0.843662278,1.332831741,0.86612109,0.837087593,1.219338485
91,1.138344771,0.865018936,1.325512125,1.259664265,1.002751914,1.015616408,1.351898161,0.991793229,0.914029196,0.600547636,1.014964871,0.995499616,1.176791747,1.250660501,1.098988504,1.05559334,1.131582537,1.222949377,0.913202507,1.143360045,1.003254219,1.401377062,1.243670136,1.122172001,1.180679691,0.741925322,0.891299113,1.002356986,1.187681227,0.965472608,0.673022985,1.189228481,1.096840606,1.067004541,0.923667031,0.840056904,0.868385418,0.84746364,1.228484209,0.952339153,0.82339848,1.189319208,0.678117635,0.813868487,0.982344036,0.897821998,1.007484501,0.865697087,1.013087198,1.184008469,1.229995929,1.06910637,1.114488106,0.743927913,0.716729496,1.037625657,1.033590904,0.953427027,1.04699577,1.105471318,1.231181999,1.157321359,1.311343977,1.294697042,0.748425345,1.082725812,1.20027889,0.764606967
92,0.871710271,1.125712383,1.137956674,1.117391523,1.126110861,0.748326721,0.774988397,0.972708187,0.754601945,1.349330936,0.790365569,0.704985871,0.99090898,1.04153058,1.127212392,1.049751798,0.805057547,0.628370322,0.854711277,1.037494539,1.376453011,1.25437153,1.25184299,1.208263753,1.23364849,1.125473408,1.244216941,1.18054288,0.994514488,1.089118954,1.082292763,0.937923257,0.887368632,1.141629705,1.009231452,0.920191637,1.042383252,1.266268948,0.844052816,1.155420607,1.216479835,1.15239166,0.858065593,1.054085131,0.86006993,0.832041824,0.76173599,0.751438138,1.128627601,1.343560443,1.225127818,1.297889543,0.6337962,1.214415696,0.57529167,0.667668528,0.746670169,0.959422176,0.840265178,0.698759928,1.020480341,0.762366837,0.558118339,0.865894323,1.264716729,0.880830217,1.002570202,1.116930994
93,1.056936623,1.101067266,1.155557368,1.147196964,1.010193332,1.146745967,0.956881678,0.977438773,0.980506783,0.639737322,1.249606346,1.104208578,1.220708386,1.028590865,0.941621618,1.06039439,1.132029486,0.713794012,1.19215081,0.989332148,1.346708664,0.792919945,1.159316652,1.340344345,0.824457218,0.638854638,0.970160759,0.803142644,1.034041556,1.247764501,0.564151761,1.187925245,1.169157804,0.792571663,0.979070733,0.955137206,0.927525996,1.143718978,0.65813652,1.024213573,0.946167373,1.012276997,0.80507333,1.045869536,1.084747751,0.8287163,1.407900471,1.249468286,0.986277822,1.073521919,0.765898993,1.071107991,0.812860362,0.847579122,1.094319899,0.889080764,0.967948563,1.042224265,1.127934154,1.091738767,0.714642839,0.832436699,0.744928068,0.685251302,1.237830463,0.845050166,0.627487092,1.085953405
94,1.203709467,0.86716117,0.990332597,0.994495533,1.048728402,1.116409344,0.820306611,1.121413089,1.203012104,0.65539574,1.046152391,1.173229083,0.704435848,0.852251387,0.922664243,0.721794902,1.056325361,0.609930657,1.031239828,1.174126324,1.150654263,1.316618532,1.332371068,1.201386847,0.854903335,1.149537564,1.215735465,1.051068986,0.908242642,1.306426992,0.726166032,1.012711484,0.689131305,1.160371175,1.089345527,1.079716308,0.775712961,1.121933651,1.051375737,0.740231456,1.157215967,1.183494247,1.164791511,0.913557907,0.990109413,1.071498544,1.251035137,1.165565909,1.0323298,0.914827877,1.082541402,0.868909847,1.047549034,1.031417805,0.844976015,0.900772465,1.254369103,0.930731834,0.905829246,1.052089131,1.143103754,1.04913966,1.183818545,1.145465914,0.970397191,0.759153281,1.43986217,1.004807143
95,0.741901184,0.901113197,1.252477299,1.08679438,0.846041547,1.215031026,1.138009079,1.065736511,1.391934077,1.192437941,1.204497891,1.324704669,0.72958689,1.063265741,0.734797262,0.722246944,1.408834745,1.33888693,0.956004137,1.197981692,1.37751853,0.735093677,1.177903797,1.194337001,1.133312749,0.997293366,1.107662855,1.196991467,1.201089998,0.779932391,0.902617846,0.9442556,1.253574003,0.835310622,0.710041087,0.989717715,1.018164632,0.925452796,0.660041154,0.771955268,1.153279289,1.066374226,0.927274976,1.050840346,1.259064838,0.794806349,0.882927291,1.056245603,1.409876555,1.341384134,1.125750204,1.368094883,0.962789417,1.009905795,1.219022402,0.914950014,0.872766983,1.138244682,1.088181256,0.96071764,1.018391566,1.19250764,1.184375464,1.063275236,1.268738335,0.707270686,0.84093539,1.138990121
96,1.222079562,0.659662995,1.261501834,1.331574046,1.176224965,0.869083996,0.786388035,1.113910035,1.364143199,0.911985856,1.010572993,1.173117139,0.922731378,1.056559872,0.827033309,0.890323413,0.730834832,1.12059109,0.908286021,0.708804783,0.840671109,0.757438273,0.611131149,1.008635781,0.89282724,1.085935052,1.006532099,0.865789378,1.118336031,1.018131476,1.256063552,0.993376777,0.86189222,0.934013996,0.871681604,0.902420514,1.093439308,1.282222442,1.481681729,1.217821037,1.234886777,0.811068326,1.066391486,0.910117554,0.876934451,1.045170755,0.573144315,0.750469466,0.770488022,0.998355187,1.330606335,0.913435267,1.18968355,1.232644986,1.205018668,1.243503371,0.623026672,1.28305357,0.866459729,0.83923382,0.961408963,1.012474819,1.23386248,1.045619585,0.868524847,0.930954266,0.938016401,1.08179186
97,0.739284875,0.609346918,0.669570704,0.717136104,1.119385745,0.866200338,1.240952872,1.06692893,0.81228295,0.658747249,0.83646689,0.821628758,0.768096987,0.864871204,1.153131086,0.943915537,0.671519099,1.024905,0.705917362,0.725792446,0.789642025,0.780291502,1.209686991,1.074857492,1.106525,1.22199751,1.193632721,1.121631916,1.289952864,1.312303741,1.174253175,1.365658132,0.7089715,1.044962622,0.896456781,0.937977856,1.065861448,1.023648226,0.602488401,1.3182152,0.810805494,0.891783553,1.340520303,0.843725365,0.732893963,0.897586716,1.08776436,0.88635513,0.794735949,0.770453788,0.698958375,0.780531042,1.307194121,0.743776356,0.594101457,1.361347224,1.374440748,0.934942737,1.188599615,1.31792394,0.985210339,0.872845755,0.633453515,0.836037829,0.996296907,0.998075935,0.996425926,1.125424515
98,0.815381721,1.115549624,1.090527983,0.958860253,1.215186208,1.178096681,1.197624224,1.102340561,1.110809422,1.312898304,1.160203923,1.19391959,1.039380114,1.187478176,1.049836545,0.972625967,0.795335624,0.900156884,0.827354445,0.898006886,1.181722142,1.190232897,1.28350387,0.982548251,0.889911291,0.905069881,0.773887055,1.032158708,1.206610954,1.16056896,0.69183552,1.205253671,0.692731916,0.970983077,1.09488342,0.649354806,1.344727546,1.133291507,1.196394895,1.253945763,0.916241656,1.025135845,1.236976297,0.860747789,1.240465119,0.720142317,1.420368463,1.043075554,0.691713307,0.719904952,0.911423137,0.690957939,0.690385032,0.686369158,0.640888371,0.8070049,1.149562607,0.854709684,1.136911814,1.058738911,1.091705092,1.106958728,1.226995042,1.149203815,1.103385487,0.96701031,0.949997572,1.077783152
99,1.016983229,1.318455735,0.679324892,0.783737903,0.620827603,0.58819035,0.727258137,0.864609061,0.732686817,0.798800289,0.926493034,0.822286918,1.136159834,0.663619494,1.017035366,1.000917264,0.779230938,1.220252398,0.924723665,0.770334118,1.337306636,0.85494685,0.767860834,1.035184697,0.748703004,0.997191403,0.830495213,0.781403098,0.684858521,0.700522085,1.073215274,0.7248592,0.805593508,0.938390209,0.674296323,0.775954351,0.933700762,0.999174963,0.594614453,0.675078335,0.840798871,0.745454186,0.66909862,0.872428139,0.786638654,1.206659209,0.954282912,1.114603392,1.143336628,1.080398257,1.414632721,1.008433609,0.840726518,0.671993634,0.66260547,0.757244145,1.105604845,0.932485958,1.104605425,1.093546572,1.058882071,1.042756984,1.214739267,1.126696705,1.163114712,1.130285204,0.820328298,1.023488044
100,1.447160946,1.142257153,1.200872505,1.303471408,1.131466455,1.021119404,0.956018428,1.000198237,1.01233197,0.660023102,1.200392284,1.124574999,0.712906339,1.120243865,1.051542613,0.868130236,1.031312568,0.980948466,1.124579221,1.102609756,0.647078979,0.899999863,1.05524976,0.828139034,1.184709922,0.881403919,1.228857419,1.165049729,0.671095897,0.734603517,1.033213031,0.761220713,1.011313653,0.858087126,1.139786981,0.923239921,0.776019656,0.830903623,0.62789233,1.008535628,1.10724279,0.947752311,1.055685119,1.000078143,0.689898485,0.951462051,0.862861836,0.800691692,1.357074827,1.39076118,0.793514821,1.433712371,0.700642801,1.061000497,1.329842974,1.110624054,1.373384928,0.897537933,1.194313318,1.388847039,1.137803896,1.180156557,1.232971738,1.189437928,0.720407729,1.163660237,1.327677234,0.864868301
101,1.251013823,1.335541916,0.998550668,1.046062684,1.319349355,0.915569945,0.86782015,1.306652719,0.591083801,0.773438828,0.830201647,0.687188887,0.685806827,1.054474054,0.984588239,0.820671411,1.060879246,1.298869322,0.67571353,0.829098009,0.786217621,0.965278024,0.693907174,0.693169615,1.184883756,1.278530428,0.83844653,1.041868147,0.930105853,0.858603867,0.840591843,0.944856158,0.728699579,0.86047609,0.803561254,0.985125535,0.984397409,0.806641864,1.143824617,1.227790013,0.791889567,0.811465701,1.440274201,0.96101986,0.887575902,0.955431513,0.530760516,0.825297649,1.0472105,1.136917311,1.302144101,1.205408305,0.89344532,0.795033769,1.281000673,0.780038634,0.908652336,1.023916146,0.955996735,0.942376434,1.117819909,0.788248609,0.768603976,0.942060419,1.271558667,1.275330832,1.040262762,1.351254916
102,0.952855246,1.008304864,0.881900945,0.84579634,1.149936936,1.035039597,1.114037451,1.154568554,1.242460332,1.327230114,0.934358268,1.163363767,0.885285246,0.979121041,1.141997351,0.910578792,1.051104029,0.650824,0.72142901,0.876256697,0.687000123,0.693329151,1.241332393,0.998820679,1.122556612,0.803620954,0.908415276,0.961163577,1.046279926,1.126563903,1.413672502,1.079939375,1.040847765,0.846885357,0.755141492,0.806601827,0.915122737,1.06702003,0.99717634,1.220872393,0.938879692,0.534451001,0.686258333,0.70856766,0.613655041,0.721033892,1.35015584,0.879912837,1.279357032,1.214624703,0.873990349,1.287587355,1.355176692,1.258148382,1.251634808,1.232461503,0.990926534,0.838559826,0.748620898,0.849998176,1.048184809,0.880011697,0.994376548,1.012983619,0.664949877,0.89685966,1.150402162,0.807619521
103,0.904822453,0.994099734,1.099725747,1.041164185,0.855650136,1.201023388,0.900008771,1.087414886,1.071651401,0.804192865,0.819483082,0.910802036,1.05833177,1.218240266,0.845130852,0.972226063,1.321713042,0.974880132,1.146832202,1.243452391,1.089033905,0.894152913,1.366493178,1.001936105,0.825816967,1.007120005,1.280766858,0.793102445,1.060279548,1.364055242,0.998624898,1.176672498,0.985576328,0.838378532,1.087419616,0.729042751,1.101859876,1.072139463,1.433211837,1.282239426,0.835485552,1.300717584,0.658024372,0.801789776,1.178130075,1.129547682,1.17207215,1.206681877,1.4112973,1.262564568,0.920176348,1.320499466,1.168605475,0.853846369,1.136359884,1.044781027,0.841918485,0.890766468,1.181317261,1.021893685,1.066227091,1.008393215,0.869479566,0.93395494,1.073084845,0.837985844,0.598647615,1.115937804
104,1.246847912,0.744635885,0.907645744,0.945639052,0.582764622,0.944545255,0.823488655,0.649060823,0.689464121,1.181377979,0.94316691,0.783905941,1.286831791,0.913030891,0.940518686,1.1683195,0.899212882,1.222261955,1.035382791,1.091283918,1.209223224,0.750582568,1.238230406,1.188995599,1.26049211,0.832396473,1.035407907,1.222521579,0.947621283,0.961487653,0.740738175,0.867761126,1.112719807,1.03075366,0.643063407,0.954459003,0.776647502,0.686462059,1.268420695,0.922759696,1.023980984,1.250315896,0.817769217,1.12360344,1.273999215,1.243659648,0.977312764,1.185722834,0.730638798,0.793957069,1.234701059,0.731769286,1.209523411,0.730040731,1.380914834,1.229360421,1.24986622,0.867480384,1.286932234,1.256767998,0.902933258,0.845697926,0.662196224,0.813537093,0.927404861,1.098665283,0.799631853,0.807639083
105,1.324562412,1.284222059,1.114514138,1.138165359,0.759665731,0.881876842,1.087362519,0.813531334,0.86790183,1.113358075,0.979348012,0.938329017,1.300516823,0.945568388,1.153410538,1.154103298,0.928013201,1.126832151,1.090598874,0.93654741,0.638910964,1.173515921,0.994210182,0.910649909,0.969735205,0.87621107,0.97295428,0.866165511,0.975749561,0.964832777,0.932742835,0.88717675,0.835764265,0.870576662,1.110388935,0.808544617,1.087648078,1.153616781,1.145013596,0.738341786,0.950189956,1.045330751,1.093252848,1.204579065,1.191952802,1.320515764,1.143699294,1.258600403,1.061122084,0.9277769,1.417343915,1.044378778,0.637274712,1.30955255,0.568581271,0.779171749,1.002771957,0.694106365,1.072661212,0.992892032,0.84006435,0.745069578,0.628352468,0.73157198,0.964516945,1.063777924,1.071782358,0.821943773
106,0.643098127,0.662044045,0.74240151,0.65724004,1.155238775,0.953939896,1.258078186,1.204474499,1.213876615,1.433388475,1.182180667,1.263616475,0.973435189,0.763645306,0.878227791,0.937786129,1.334616656,1.096884416,1.111923307,1.393543507,0.634519635,0.664744752,0.686943375,0.789347706,0.845231042,1.051910456,0.841130718,0.814714471,0.971968846,0.849077857,0.874828223,1.021913701,1.004572495,1.156700083,1.03679369,1.045325842,0.782988849,0.785215279,0.752190057,0.662040124,1.120082493,1.0622303,0.713567685,1.065198042,0.776168587,1.116945971,0.806025881,0.726026181,0.97110755,0.863755992,0.995508737,0.961068295,1.15908084,1.312926651,0.781142673,0.993064098,1.049311335,1.20390477,1.006377913,0.894434029,1.158441526,1.295781586,1.300024632,1.188832238,0.853405551,0.828952456,0.892173263,0.973864036
107,1.27557274,0.787716511,0.886964629,0.939787786,1.313085678,1.040691127,1.078184441,1.046604824,0.643516576,1.295393433,0.860609281,0.708480978,0.799394433,0.977601626,0.988811765,0.756671799,0.907238973,1.295934476,1.100161258,0.923303269,0.865388188,0.701459055,0.639018301,0.928788662,0.764949765,1.076206023,1.328002111,0.695889976,0.907409516,0.851224457,0.823550821,0.845187338,1.00234036,1.280774509,1.04559378,1.119290934,0.733294282,1.057766361,1.172116946,0.880603507,1.008169877,1.078288486,1.198697879,1.161424144,0.774304253,0.868864717,0.673632708,0.840897152,1.302352313,1.368533026,1.090686319,1.328510724,1.422765657,1.322677178,0.559058958,1.179337184,1.240918253,0.803421267,1.168630576,1.17124535,1.061647074,0.740028633,0.680762273,0.894281638,0.670463939,0.973529202,1.032230345,0.913996541
108,1.18274693,1.188675728,0.994100387,1.01324927,1.222461083,0.790683599,0.977358643,0.946401433,1.323289332,0.748440606,1.342702288,1.36465374,1.114084983,0.832823466,0.858681484,0.888659976,1.047215666,1.081141022,1.13509663,1.185131088,1.270025987,1.147399999,0.626490167,1.135542482,0.950448682,0.912672512,0.605164733,1.09650486,1.278657106,1.183482473,1.327907394,1.314498988,1.285621508,1.2180088,0.785343189,1.303749049,1.131440971,0.811063817,1.408386123,1.005824559,1.455683209,1.418199328,1.071646178,1.251413273,0.759592362,0.708772621,0.732984023,0.890282179,1.107978591,0.955680506,0.857358332,1.016448887,0.988787679,0.820560455,1.220445093,0.974599759,0.682482357,0.795097525,0.938639457,0.88534242,0.876657981,1.100258328,1.154517638,0.985502485,0.96677843,0.768761049,0.878577513,0.880875528
109,0.875396228,0.961600854,0.920263473,0.939099924,0.745781625,1.084704503,1.209788845,0.961513094,0.805529661,1.265886203,0.990506572,0.843478983,1.200819555,1.418031125,1.141552922,1.160001404,0.895186505,1.359438222,0.820460087,0.873408877,0.702473211,0.752518246,0.763915203,0.970346,1.174155793,1.373966941,1.220045323,1.227701907,0.804811214,1.186217864,0.571521545,0.987553868,1.04983865,0.912405117,0.979783382,1.044578853,1.306454216,1.015899752,1.294830817,1.321100894,0.834415857,1.262357152,0.957455361,0.742175454,0.996622035,0.917310717,1.384841497,0.908016904,0.904436991,0.913579249,0.653626157,0.914379325,0.886226842,1.123420564,0.999866352,1.071517509,1.238247412,0.962932249,1.245354242,1.28526918,1.001453922,1.32789089,1.348259838,1.180706269,1.191778887,1.16121466,1.252934279,1.14155996
110,0.84255135,0.60802635,0.916814988,0.912333573,1.051686063,0.844824084,1.157286587,1.072167066,1.025801571,0.819649864,1.161803828,1.074907311,0.693310373,0.955488088,0.84678272,0.743980772,0.894046201,1.134160289,1.160625802,1.025977126,1.109009455,1.338524901,1.066636067,1.074461866,0.688138826,1.058232428,0.911925652,0.867740358,1.243130506,1.049849317,1.298295083,1.119176803,1.208067508,0.988713118,1.255037868,1.076227024,1.221654471,1.279864002,1.131058346,1.004196797,1.006003977,1.038818516,0.946773284,1.05443984,0.886782625,1.137233518,1.108948782,0.829841461,1.108966619,1.132320132,1.343986135,1.134606041,1.084391748,0.744902924,0.811062493,0.835765516,1.2879922,1.314810441,0.936532613,1.101422856,0.956518698,0.940389602,1.099867782,1.017101623,1.299676972,1.185027388,0.823865855,1.310242666
111,0.686228065,0.652035579,0.616689429,0.617056526,1.040517537,1.187530964,1.313453752,1.046218242,1.116088432,1.354867737,1.243218114,1.191328915,0.744457273,0.880306119,0.970155593,0.858933348,0.944220361,0.635056635,0.893897099,1.127028107,1.039142686,0.818336349,1.293436355,0.877517664,0.685518712,1.099090373,0.854620132,0.770791589,1.097914355,0.952141686,0.564591562,1.018884159,1.150284716,1.146746574,0.701119119,1.142076508,0.867243598,1.006724714,0.63238912,1.019479635,0.921856511,0.851696221,1.131389248,1.038751584,0.897865105,1.317105695,1.084234977,0.980875608,0.86811911,1.034923285,0.695755041,1.005556411,1.253284414,1.321125128,0.684498405,1.150247797,0.857973571,0.886263441,1.143963261,1.018359309,0.938562457,0.670974349,0.62132182,0.83979266,0.95174452,1.216264804,1.42516733,1.148185856
112,0.878343622,0.704320131,1.184489139,1.119338823,1.134149389,0.76219984,0.7496074,0.985604491,1.003098159,1.182294781,0.7142083,0.858431764,0.756705775,0.799934269,1.047126059,0.806851969,0.671699121,1.158542933,0.686568278,0.675474872,1.458974169,1.214190321,0.858318499,1.306167312,0.735417916,0.981521859,0.594385258,0.896465776,0.875417957,0.866430996,1.321841496,0.746785961,0.953411659,0.845182904,1.18226546,0.820100406,1.240219897,0.806685091,1.318158339,1.175630982,1.010034923,0.815037468,1.106464074,1.012778995,0.749519841,0.834024256,1.141747963,0.704573114,1.000388046,0.892107111,1.424835057,0.959932445,0.649916976,0.765617319,1.234950686,0.675390997,0.937333948,0.815695475,1.084357208,1.019805168,1.033215456,1.357737382,1.368930235,1.171450686,1.003707737,0.782561725,1.165481612,0.867630112
113,1.13839556,1.046919618,0.900050853,0.947660779,0.77778262,0.938787639,0.978291453,1.002356835,1.204729055,0.956726597,1.107787797,1.152139143,1.010989532,1.115861521,1.038239077,0.94678642,0.981334648,1.285667198,0.780815131,0.943173257,1.275318038,0.847184932,0.877951234,1.072745963,0.985508157,1.261623842,1.158958198,0.997556834,0.796585768,0.823776475,1.093312274,0.928922224,1.003453172,1.145499578,0.99549074,0.949019725,1.179740159,0.994238052,1.483395945,1.192421559,0.934353233,1.35655474,1.235005707,0.93893445,0.873787361,1.344000766,1.218659709,1.099257972,0.853311328,0.819432174,0.621759296,0.790485257,1.100597819,0.794388784,0.894852731,1.043014947,0.856328149,1.027542545,1.13242856,1.012643067,0.957366097,0.783804872,0.810702939,0.862167166,0.804223148,0.831223381,0.890654795,0.866042597
114,1.230732479,1.025577681,0.8321794,0.934295909,1.100145213,1.138670134,1.178519723,1.141710978,0.977909769,1.407450125,1.264066017,1.106858603,0.704792318,0.829627269,0.851007838,0.826382107,0.733303739,0.970332051,0.962949916,0.911754695,1.077146759,1.352708682,1.152757078,1.158157096,0.792559579,1.099606676,0.803758777,1.080492041,0.90013527,0.709839987,0.898508169,0.906858339,1.252014125,1.273195585,1.302107299,1.216813281,0.878354221,1.117955474,0.556374682,0.747689827,1.170176259,1.16726727,1.028309206,0.98948118,0.926194752,0.983625185,1.226218869,1.017597898,0.880189736,0.967758232,0.898361176,1.013306938,0.647127571,0.716961031,1.14761522,0.763108266,0.766177499,1.118790307,0.835518004,0.790485384,0.951755695,0.973567143,0.875680187,0.951332281,1.226081875,0.984957451,1.016301323,1.289017159
115,0.637726235,1.277424062,1.161812967,0.999322113,1.33811118,0.680148939,0.718203026,1.227259775,1.008044435,0.912405841,0.865272937,0.87984806,0.765093072,1.34315991,1.041232792,1.037957401,1.135801659,0.66308971,1.064134657,1.062604624,0.839527511,0.870452974,0.784027523,0.95094931,1.244194963,1.214325274,1.042900134,1.096915864,0.891715611,0.822996221,1.129294953,0.805158,0.974501439,1.071010838,1.365825507,1.069311148,1.115538861,1.246346211,0.890782125,1.071063524,1.282392413,1.40488619,1.185776065,1.247673498,1.228987714,1.129542572,1.445099413,1.008742192,0.649144789,0.69167467,0.862920891,0.647780946,1.379568412,0.833106188,0.867965526,0.916526945,0.990875003,0.837182348,0.822709357,0.912311892,0.898629357,1.078803987,1.119066222,0.995011704,1.270025034,0.775742104,0.922856755,1.157403732
116,0.964622779,0.669841515,1.231075937,1.175551101,0.848685306,0.912572455,1.086989764,0.827799279,1.286034229,0.682842585,1.020744904,1.166180351,1.395539766,1.389360005,1.10962383,1.265901393,1.041900207,1.30426182,0.881336091,0.974201333,0.6463553,1.154748787,0.908072697,0.856157415,1.039373154,0.729536485,1.409103831,1.025447937,0.748865409,1.167692707,1.312102543,0.908110606,0.591279233,0.754993692,0.631979893,0.695181171,0.938109204,1.062038191,1.244721612,1.220149827,0.659102871,1.060658781,1.162345459,0.824966334,0.726601152,0.911118336,1.03543249,0.949606508,0.889544901,0.94761038,1.377109258,1.018772081,0.936217861,0.635018393,0.91927875,0.79873988,0.691988605,0.914239717,0.99958552,0.910038906,0.928755806,0.873847716,0.698094928,0.824039051,1.115706632,1.026593714,0.66458063,1.191755976
117,0.878996605,1.100528313,1.000417421,0.917413375,0.616270855,0.970285906,0.975696212,0.753872209,0.562367614,1.261418473,0.993181974,0.736713969,1.266150606,1.300158664,1.098255396,1.247689276,1.234907702,1.203275068,1.203036084,1.188348792,1.190268768,1.308741301,1.022357865,1.015638277,1.006941373,0.970594793,1.258329624,1.143325403,1.353953657,0.955784272,0.977965553,1.134310555,1.327830733,1.354528709,1.254335746,1.318700948,1.111334543,0.979575796,0.575762527,0.985047216,1.04695034,0.847889432,1.314792309,1.05553856,0.979893091,0.923540992,1.347987935,0.861503508,0.959052978,1.163470656,1.409292989,1.062047622,1.310302645,0.74034261,1.136861015,1.279722953,0.591711456,1.066711887,0.599845876,0.587625942,1.132273464,0.881093116,0.863390961,1.00777246,1.26442911,1.006008632,1.170411845,1.044425056
118,0.894946448,0.816513466,0.883055083,0.879393729,0.915737785,0.94729922,1.115598675,0.836046057,0.968801965,0.961053013,0.816099856,0.877008328,1.155346321,1.183595846,1.07665978,1.212901539,1.061685456,1.110794545,1.064557016,0.893343034,0.662751345,1.246577726,0.567538337,0.729883807,1.105815648,1.169051851,1.42222925,1.158465719,1.144909178,1.0626852,0.544140269,1.193755685,0.857400595,0.979692453,0.737846285,0.790774818,0.777974793,0.766773299,0.779153783,0.868380518,1.133702694,0.745375123,0.84786407,1.129531796,1.105387301,0.886898371,0.646142761,1.155984042,1.027076949,0.901769789,1.336408056,0.818596896,1.019708656,0.909601833,1.144364868,1.052745266,0.756368668,1.184512213,0.85021152,0.88905003,0.975410585,1.113507741,0.992845333,0.975550891,1.25317337,1.164553217,1.272193263,1.25317731
119,0.921728553,0.747370779,0.92712278,0.914941289,1.21151987,1.009947957,1.034615283,1.006930398,1.353915427,1.165923986,1.282588867,1.369443425,1.373738781,1.03413867,1.184529087,1.254322211,1.09483241,0.842967148,0.905677131,0.979224904,0.602300337,1.212608827,0.897590134,0.927592729,1.243021074,0.955446815,0.813529646,1.240118636,1.101874442,0.953131577,0.892224712,0.98874194,1.240300364,1.27013759,1.294078444,1.326958068,1.061756783,1.088584576,1.085003442,1.175676603,1.034703225,1.296715494,1.232048608,1.105187945,1.299549594,1.04473175,0.595383237,1.00066862,0.888876464,0.932097275,1.112141,0.896700612,0.54435093,1.121948835,0.849530774,0.626312912,0.609020504,0.977295985,0.746041958,0.743787215,0.891963304,0.9435281,0.890062451,0.934519578,0.790709994,0.758515081,0.976587136,0.861122182
