,bnd_0.50,bnd_0.50,bnd_0.50,bnd_0.50,bnd_0.50,bnd_0.50,bnd_0.50,bnd_0.50,bnd_0.50,bnd_0.50,bnd_0.50,bnd_0.50,bnd_0.50,bnd_0.50,bnd_0.50,bnd_0.50,bnd_0.50,bnd_0.50,bnd_0.50,bnd_0.50,bnd_0.50,bnd_0.50,bnd_0.50,bnd_0.50,bnd_0.50,bnd_0.50,bnd_0.50,bnd_0.50,bnd_0.50,bnd_0.50,bnd_0.50,bnd_0.50,bnd_0.50,bnd_0.50,bnd_0.50,bnd_0.50,bnd_0.50,bnd_0.50,bnd_0.50,bnd_0.50,bnd_0.50,bnd_0.50,bnd_0.50,bnd_0.50,bnd_0.50,bnd_0.50,bnd_0.50,bnd_0.50,bnd_0.50,bnd_0.50,bnd_0.50,bnd_0.50,bnd_0.50,bnd_0.50,bnd_0.50,bnd_0.50,bnd_0.50,bnd_0.50,bnd_0.50,bnd_0.50,bnd_0.50,bnd_0.50,bnd_0.50,bnd_0.50,bnd_0.50,bnd_0.50,bnd_0.50,bnd_0.50,bnd_0.50,bnd_0.50,bnd_0.50,bnd_0.50,bnd_0.50,bnd_0.50,bnd_0.50,bnd_0.50,bnd_0.50,bnd_0.50,bnd_0.50,bnd_0.50,bnd_0.50,bnd_0.50,bnd_0.50,bnd_0.50,bnd_0.50,bnd_0.50,bnd_0.50,bnd_0.50,bnd_0.50,bnd_0.50,bnd_0.50,bnd_0.50,bnd_0.50,bnd_0.50,bnd_0.50,bnd_0.50,bnd_0.50,bnd_0.50,bnd_0.50,bnd_0.50,bnd_0.50,bnd_0.50,bnd_0.50,bnd_0.50,bnd_0.50,bnd_0.50,bnd_0.50,bnd_0.50,bnd_0.50,bnd_0.50,bnd_0.50,bnd_0.50,bnd_0.50,bnd_0.50,bnd_0.50,bnd_0.50,bnd_0.50,bnd_0.50,bnd_0.50,bnd_1.00,bnd_1.00,bnd_1.00,bnd_1.00,bnd_1.00,bnd_1.00,bnd_1.00,bnd_1.00,bnd_1.00,bnd_1.00,bnd_1.00,bnd_1.00,bnd_1.00,bnd_1.00,bnd_1.00,bnd_1.00,bnd_1.00,bnd_1.00,bnd_1.00,bnd_1.00,bnd_1.00,bnd_1.00,bnd_1.00,bnd_1.00,bnd_1.00,bnd_1.00,bnd_1.00,bnd_1.00,bnd_1.00,bnd_1.00,bnd_1.00,bnd_1.00,bnd_1.00,bnd_1.00,bnd_1.00,bnd_1.00,bnd_1.00,bnd_1.00,bnd_1.00,bnd_1.00,bnd_1.00,bnd_1.00,bnd_1.00,bnd_1.00,bnd_1.00,bnd_1.00,bnd_1.00,bnd_1.00,bnd_1.00,bnd_1.00,bnd_1.00,bnd_1.00,bnd_1.00,bnd_1.00,bnd_1.00,bnd_1.00,bnd_1.00,bnd_1.00,bnd_1.00,bnd_1.00,bnd_1.00,bnd_1.00,bnd_1.00,bnd_1.00,bnd_1.00,bnd_1.00,bnd_1.00,bnd_1.00,bnd_1.00,bnd_1.00,bnd_1.00,bnd_1.00,bnd_1.00,bnd_1.00,bnd_1.00,bnd_1.00,bnd_1.00,bnd_1.00,bnd_1.00,bnd_1.00,bnd_1.00,bnd_1.00,bnd_1.00,bnd_1.00,bnd_1.00,bnd_1.00,bnd_1.00,bnd_1.00,bnd_1.00,bnd_1.00,bnd_1.00,bnd_1.00,bnd_1.00,bnd_1.00,bnd_1.00,bnd_1.00,bnd_1.00,bnd_1.00,bnd_1.00,bnd_1.00,bnd_1.00,bnd_1.00,bnd_1.00,bnd_1.00,bnd_1.00,bnd_1.00,bnd_1.00,bnd_1.00,bnd_1.00,bnd_1.00,bnd_1.00,bnd_1.00,bnd_1.00,bnd_1.00,bnd_1.00,bnd_1.00,bnd_1.00,bnd_1.00,bnd_1.00
Seoul,18.452793,18.152586,18.226246,18.136427,17.66302,18.093773,18.278294,18.458263,17.642578,19.038637,17.42278,17.963837,18.458254,18.157143,18.924011,18.13775,18.504309,19.093182,17.91075,18.004566,18.27282,18.432028,17.685444,19.014547,18.636524,17.419426,18.715527,17.412933,17.921696,18.339401,18.98166,18.487635,18.484463,18.767542,17.598196,17.884665,18.715143,17.33699,17.259655,18.419157,19.235748,18.712168,19.065104,18.120321,17.771767,17.300905,18.054525,18.195604,17.880713,19.42952,17.786951,18.51032,18.083422,18.902708,18.338184,17.576683,18.67795,18.554132,18.222134,17.719732,18.370905,18.014236,17.62863,19.223305,18.322035,18.053764,18.20133,17.608753,18.585054,18.493282,19.210493,18.343348,17.786633,17.872995,18.055546,18.36219,17.069347,18.433525,17.869768,17.013374,17.363544,18.076439,18.45957,18.333078,18.29272,18.268312,17.801094,17.85346,17.503702,17.17378,19.344109,19.042395,18.49248,19.006916,18.600756,17.392944,18.198195,19.081656,16.37002,18.113312,17.62002,18.285318,18.647009,18.310379,17.963465,16.977678,17.424965,18.045067,17.82337,18.615574,17.722145,17.853134,18.05806,18.823647,17.929392,17.679705,18.662548,17.130968,18.145828,24.518017,24.305624,24.24825,24.365639,23.776516,24.235182,24.342976,24.440098,23.56386,24.957224,23.828691,24.184254,24.4969,24.107742,24.93601,24.488276,24.59705,25.122187,24.1359,24.380426,24.223732,24.537676,23.654951,24.89792,24.502518,23.67455,24.660675,23.514584,24.080221,24.471992,24.771229,24.66002,24.769987,24.852125,23.886,23.923452,24.465626,23.580498,23.612616,24.225098,24.987093,24.853924,24.978155,23.875277,23.902992,23.542423,23.98322,24.513199,23.75901,25.525036,23.867138,24.430775,24.113235,24.626205,24.3757,23.92546,24.680986,24.574717,24.471691,23.833275,24.735094,24.277617,24.011251,24.977175,24.172283,24.227598,24.608799,23.698118,24.667282,24.533367,25.292585,24.215021,23.930973,24.023027,24.211496,24.265121,23.509205,24.45823,24.009905,23.245518,23.550537,23.832094,24.515026,24.390789,24.449839,24.565779,24.121756,24.024017,23.790314,23.351164,25.315298,24.924995,24.666193,24.955078,24.539904,23.600079,23.947538,25.034023,22.887276,24.088152,23.841036,24.079527,24.457104,24.36159,23.885862,23.21803,23.698038,24.503334,23.779453,24.666365,23.805012,24.33449,24.290848,24.99687,24.135448,23.71367,24.674788,23.284079,24.240114
Incheon,11.180546,10.905715,11.067961,11.143169,11.244813,11.131582,11.155043,11.163716,10.887223,11.196846,11.136305,11.121494,11.2536,11.105522,11.287,11.233689,11.523795,11.614632,11.072007,11.003908,11.066317,11.084829,10.923771,11.24726,11.5236435,10.837345,11.287933,10.742571,11.311804,11.165529,11.401924,11.371909,11.318334,11.484868,10.848891,11.167318,11.247784,10.866433,10.672383,11.242287,11.89144,11.4436865,11.094279,11.001103,10.824591,10.631491,11.137213,11.260685,11.0169,11.611384,11.128551,11.453917,11.2119465,11.326841,11.082397,10.893157,11.324486,11.001412,11.131053,11.044931,11.102027,10.99343,11.139633,11.407893,11.20423,11.374092,11.206526,10.804431,11.258991,11.0977335,11.429538,11.276822,10.627174,10.949659,11.302244,11.011729,10.791413,11.5197315,11.1305685,10.636329,10.756575,11.042808,11.141496,11.165501,11.061509,11.11132,11.107855,11.003355,10.608888,10.795674,11.584901,11.1785,11.124238,11.363078,11.177874,10.666611,11.173926,11.455632,10.035032,11.116954,10.832249,11.107429,11.25123,10.87447,11.07116,10.89608,10.909533,11.025309,11.057815,11.446983,11.257187,10.859512,11.080516,11.682893,10.917126,10.775102,11.431928,10.75348,11.408876,17.52068,17.30555,17.38758,17.545677,17.58157,17.486187,17.445164,17.403961,17.232645,17.488777,17.514605,17.387035,17.59472,17.399147,17.520605,17.588907,17.762436,17.7286,17.392788,17.392157,17.336716,17.318466,17.326317,17.479305,17.730556,17.300707,17.565304,17.159206,17.56667,17.495348,17.632105,17.652466,17.636734,17.693378,17.336006,17.518036,17.477228,17.346674,17.145737,17.460627,17.894209,17.763727,17.336866,17.292171,17.265667,17.094906,17.380264,17.64871,17.38012,17.82881,17.58247,17.665415,17.445934,17.518253,17.459345,17.352787,17.536509,17.355423,17.504934,17.421103,17.486906,17.384968,17.516323,17.547873,17.493107,17.65678,17.53076,17.268883,17.528137,17.378592,17.65621,17.505701,17.031118,17.314095,17.632463,17.32579,17.298967,17.670074,17.529968,17.11081,17.24833,17.23991,17.447018,17.434118,17.377941,17.531078,17.430984,17.428438,17.080864,17.250153,17.763855,17.336224,17.563839,17.574839,17.50945,17.156828,17.415022,17.697912,16.602528,17.475782,17.25972,17.410833,17.543127,17.212667,17.375914,17.340569,17.367722,17.39668,17.398502,17.667015,17.591236,17.326706,17.468071,17.802517,17.34277,17.179447,17.56115,17.153296,17.649467
Busan,10.707955,10.606849,11.256159,11.038221,10.541801,10.251486,10.445022,11.048415,10.059686,10.126602,9.985315,10.675413,10.206184,10.591783,10.595765,10.97688,10.809613,10.688575,10.365095,10.506896,10.543845,10.313679,10.694738,9.948147,10.79019,10.599713,10.77342,9.673651,10.239214,10.172711,10.252246,10.084135,10.346175,10.015039,11.336586,10.507305,10.644214,10.4312315,10.344919,11.05686,10.862777,10.465414,10.844592,10.617022,10.352066,10.315027,10.980183,10.638308,10.735706,10.586885,10.480234,10.779093,10.38103,10.505602,10.378985,10.729552,10.209392,10.404199,10.976773,10.887213,10.210301,10.569747,10.695029,10.831781,10.149724,10.247838,10.420678,10.477755,10.910408,10.714952,10.7799835,10.999295,10.841202,10.600472,10.456778,10.633884,10.750163,10.23052,9.858019,10.145977,10.605837,10.87594,10.1319065,9.868243,10.514711,9.954667,10.648848,10.127945,9.806706,10.548483,10.420202,10.156708,10.285222,10.660979,10.665449,11.176697,10.276381,11.259044,9.931783,10.681847,10.4113865,10.500338,10.547452,10.124349,10.388304,10.344933,10.204668,11.054053,11.004648,10.923058,10.288851,10.9838295,10.87884,10.468504,10.797773,10.541056,10.668322,10.065517,11.030533,14.542028,14.474237,14.816961,14.6783495,14.624759,14.348038,14.218732,14.789825,14.190315,13.861875,14.127182,14.496419,14.251846,14.683136,14.340179,14.632138,14.656459,14.561496,14.380157,14.430351,14.4454365,14.219009,14.619206,13.888562,14.541681,14.612546,14.529134,13.7307205,14.132245,14.068483,14.16837,14.048223,14.479736,13.98515,15.126062,14.281965,14.554987,14.308538,14.193064,14.746368,14.532335,14.65977,14.541781,14.385065,14.280798,14.021083,15.021077,14.572371,14.596994,14.291504,14.274424,14.504558,14.291555,14.363805,14.353094,14.664375,14.207914,14.262793,14.676097,14.83857,14.309893,14.353622,14.63593,14.648654,14.106839,14.179178,14.240329,14.240076,14.67647,14.723616,14.795903,14.524567,14.423826,14.268399,14.362399,14.32641,14.588465,14.155647,14.002878,14.184694,14.45652,14.718618,14.039688,14.1146345,14.535008,13.872566,14.503406,14.208448,13.805391,14.446177,14.1642475,14.178945,14.2237215,14.647186,14.685778,14.8270235,14.102455,14.88071,13.887148,14.682027,14.182741,14.317485,14.299545,14.22258,14.49309,14.275091,14.280205,14.848811,14.699901,14.748533,14.422005,14.619272,14.616534,14.708086,14.575203,14.363254,14.697374,14.055412,15.027435
Daegu,14.165167,13.929047,14.659133,14.713256,13.396543,13.523621,14.125611,14.096178,12.743469,13.626647,12.933352,14.258154,13.3493595,13.934678,14.396075,14.240766,14.394751,13.940106,13.3959255,13.372742,13.294026,13.530178,14.151168,14.063961,14.385519,13.243558,14.869918,12.457669,13.6547575,13.162804,13.223159,13.625742,12.859998,14.069088,14.958419,14.272007,13.542068,13.546128,14.381582,14.550948,14.554779,13.501088,14.177282,13.802722,13.047069,13.990238,14.046936,14.269301,13.707652,14.31682,14.371741,14.669742,13.47272,14.62701,13.816373,13.704756,13.281874,14.5498905,14.094334,13.840841,13.615757,14.426524,13.440022,13.978996,13.469826,13.57384,14.595058,14.480892,14.420794,13.822513,14.168521,14.682243,14.075824,13.960485,13.633874,14.268362,14.052718,13.944293,13.4230175,13.623358,13.77305,14.203244,13.635834,13.090305,13.787768,13.10337,13.858636,13.1501875,12.74631,14.050224,14.142318,14.095127,13.452281,13.659467,13.223264,14.628181,13.825796,14.86769,12.563066,13.418643,14.101941,14.192146,14.634332,13.928274,14.012011,12.863864,13.6748085,14.557605,14.796166,14.393974,13.158899,14.614746,14.850199,13.196375,14.244067,14.367615,13.988587,13.04581,14.711548,18.101133,17.793232,18.515236,18.440594,17.785194,17.706518,17.85724,17.963528,17.000288,17.568836,17.435083,18.214518,17.525152,18.055685,18.316273,18.154392,18.312502,17.859947,17.725388,17.586382,17.598652,17.671581,18.142277,17.968353,18.278671,17.525515,18.71282,16.814955,17.808613,17.340479,17.141926,17.710346,17.382072,18.160498,18.723022,18.199709,17.585888,17.644396,18.160433,18.352049,18.438065,17.750906,17.991076,17.720709,17.235573,17.911392,18.18232,18.275768,17.712599,18.20891,18.108366,18.389545,17.595955,18.46547,17.958332,17.868986,17.554733,18.366564,18.102655,17.989727,17.88703,18.301487,17.756262,18.055126,17.612907,17.799116,18.43759,18.25693,18.340523,17.841648,18.193104,18.448305,17.776443,17.93053,17.79243,18.213078,18.149822,17.992918,17.644672,17.696703,17.8554,18.033812,17.767767,17.410978,18.007908,17.250917,17.891516,17.272715,17.030777,17.946732,18.123798,18.043032,17.67962,17.83808,17.484015,18.343498,17.754366,18.638094,16.81226,17.603392,18.00315,18.025995,18.398699,17.946573,18.098436,17.171343,17.856033,18.487757,18.612352,18.265362,17.43875,18.369122,18.64131,17.513212,18.300928,18.163738,18.151083,17.262335,18.639088
Gwangju,11.535802,10.85015,11.913009,11.495576,11.978259,11.662643,10.545213,11.072568,10.063267,10.602691,11.9899,10.982278,11.683917,11.344089,11.41193,11.387984,12.114675,12.18687,11.451153,11.745991,11.555165,11.100245,11.703182,11.19523,11.66737,11.585804,11.594869,10.457026,11.351409,11.030193,10.21569,11.661151,11.876859,11.411887,11.980179,11.536372,10.613358,11.029491,11.180694,11.01854,11.634435,11.890576,11.403893,11.7078085,10.945834,10.953599,12.293067,11.75042,11.573024,11.5773535,10.943387,11.118634,10.640103,11.472377,11.645484,11.304485,11.256181,11.661365,11.344316,11.97549,12.036682,11.117093,11.868861,11.704993,11.391582,11.851852,11.651939,10.851012,11.887516,10.846055,11.961614,11.031966,10.181242,10.665122,11.639136,11.45371,10.564095,11.174405,11.362466,11.166076,11.294009,10.909091,11.145181,11.731425,12.099011,10.957466,11.863851,11.094246,11.468274,11.778405,11.707031,11.359803,11.45329,11.670143,11.932794,11.29502,10.613345,11.368108,11.334872,11.155163,11.135719,11.182233,12.029163,11.778726,12.156044,11.135503,11.640088,11.385901,11.19674,12.264088,11.116657,11.529723,11.346226,11.6297,11.995143,11.216568,12.56042,11.349709,11.72752,16.92232,16.404448,17.186838,16.70939,17.104324,16.912502,16.160433,16.677658,15.858117,16.26871,17.10746,16.183283,17.156366,16.872152,16.52413,16.79381,17.095879,17.41044,16.910809,17.156534,16.908155,16.491976,17.011875,16.536657,17.049658,17.081032,16.673517,15.971469,16.616537,16.619967,15.747033,16.940292,17.163809,16.830309,17.191366,16.979395,16.143421,16.489668,16.734322,16.39513,16.619944,17.199358,16.766376,17.142324,16.509163,16.348314,17.405935,16.98174,17.045761,16.906443,16.18372,16.33756,16.147615,16.704,16.978394,16.654957,16.601103,17.096315,16.668684,17.280073,17.38962,16.577982,17.126986,17.133032,16.59235,17.017103,17.045782,16.5463,16.962091,16.30168,17.058346,16.50635,15.775467,15.92207,16.769794,16.983192,15.999448,16.26563,16.71683,16.604977,16.86341,16.27636,16.462835,16.97442,17.345106,16.512629,16.900194,16.750004,17.06808,17.119764,17.020765,16.728739,16.697517,17.00494,17.359718,16.82583,16.130312,16.638954,16.976715,16.609596,16.832487,16.655233,17.19242,17.01582,17.407509,16.662289,17.011187,16.78604,16.366606,17.410034,16.2577,16.920977,16.362436,16.674309,16.76124,16.841978,17.598417,17.017637,16.944323
Gyeonggi,15.104291,14.948038,15.057114,14.851635,14.742861,14.935691,15.265526,15.32626,14.649693,15.33642,14.3488245,14.890647,15.216142,15.202739,15.658641,14.843455,15.185609,15.911452,14.888157,14.8433895,15.105349,15.276591,14.6033535,15.672954,15.468703,14.286978,15.513666,14.303961,14.76828,14.950775,15.609509,15.198574,14.924735,15.324712,14.206906,14.913714,15.323893,14.128719,14.325684,15.467861,16.104786,15.224347,15.658178,15.284892,14.532471,14.242165,15.269446,14.840249,14.83207,15.596956,14.620807,15.26188,14.974096,15.784676,15.023477,14.122685,15.49859,15.237929,14.728697,14.400942,14.832291,14.825759,14.312234,15.688666,15.156693,14.823709,14.7995,14.398238,15.21396,15.354031,15.42847,15.467987,14.987412,14.705967,15.001714,15.1041155,13.987539,15.3300085,14.702228,14.058537,14.26983,15.495408,15.319673,15.314345,14.958018,14.8327265,14.724642,14.649655,14.578042,14.154523,15.685208,15.573496,15.018788,15.669883,15.28694,14.083648,15.334949,15.584188,13.648211,14.878577,14.30118,15.257588,15.580183,15.190697,14.901133,14.036008,14.173953,14.424089,14.675208,15.454156,14.907418,14.610899,14.881056,15.506768,14.702806,14.618764,15.507709,13.999013,14.980138,21.676834,21.467442,21.633657,21.53286,21.35781,21.574793,21.709673,21.836782,21.049206,21.777714,21.210371,21.62752,21.585827,21.649416,22.237858,21.58791,21.807728,22.420876,21.541693,21.561495,21.475046,21.82922,21.136597,22.075102,21.839067,20.984476,21.994467,20.84643,21.475945,21.551653,21.930588,21.753696,21.613237,21.85881,20.964922,21.443794,21.67401,20.817797,21.007898,21.830221,22.407377,21.860104,22.063128,21.60921,21.012102,20.89395,21.738218,21.555357,21.21535,22.150314,21.189579,21.752901,21.48006,22.08961,21.508846,20.869617,21.989546,21.649256,21.389627,21.007378,21.544355,21.488676,21.132479,21.973722,21.583553,21.519558,21.64543,20.977356,21.712091,21.856384,21.9783,21.890965,21.474255,21.308445,21.605413,21.474382,20.853418,21.873442,21.282402,20.74538,20.858389,21.780272,21.738394,21.855125,21.560242,21.546516,21.48564,21.143482,21.12886,20.753124,22.149784,22.024288,21.698587,22.089678,21.774395,20.789904,21.605293,22.007137,20.39925,21.33166,20.926355,21.558113,21.922497,21.74445,21.32058,20.712603,20.89938,21.248495,21.135914,22.012589,21.504667,21.375637,21.59409,22.129423,21.41081,21.03179,22.110628,20.518097,21.612206
Gangwon,9.06045,9.193399,9.091483,8.968647,9.186488,9.219773,9.30432,9.394889,8.479235,9.196871,8.524929,8.57323,9.515047,9.2546,9.193356,8.841572,9.071438,9.123482,8.57468,9.033272,9.255701,8.808709,8.556997,9.190179,8.864438,9.002554,9.30796,8.337344,9.172145,9.329216,9.094356,8.76365,8.541036,9.091745,8.614529,8.747552,9.501656,8.803994,8.627746,9.307709,9.676252,8.820838,9.750375,9.292745,8.83051,8.876306,8.673237,8.869589,8.766315,8.978407,9.19982,8.847571,8.693933,9.966567,8.771209,8.576031,9.294929,9.5819435,8.7352,8.275409,9.18571,9.09207,8.298154,9.398833,9.344033,9.290856,8.787802,9.076065,9.486672,8.761466,9.284717,9.341523,9.316122,8.346503,8.982602,9.407832,8.184859,8.880634,9.30878,8.969319,9.194451,9.487884,9.398928,9.6129875,9.399674,9.046211,9.095321,9.165179,8.738442,8.204945,9.266751,9.568913,8.92984,9.549909,9.242907,8.768325,9.418008,9.143463,8.39225,9.242085,8.502501,9.17841,9.657655,9.228463,9.011295,8.395595,9.0247135,8.472456,9.070058,9.21307,8.886474,8.572723,9.230161,8.961604,9.002471,9.417477,9.48276,9.068242,8.8405285,15.447346,15.515571,15.493539,15.398257,15.573909,15.663752,15.6462755,15.76737,14.686843,15.592017,15.016251,15.090924,15.80707,15.6564245,15.695168,15.299109,15.522217,15.568065,14.923694,15.407491,15.510932,15.222289,14.936508,15.545846,15.337227,15.351942,15.761779,14.491864,15.609275,15.670104,15.450928,15.052834,15.056664,15.426876,15.056033,15.140347,15.883838,15.103966,14.985872,15.695646,16.189138,15.282006,16.17691,15.735223,15.075348,15.147318,15.1805105,15.336449,15.089712,15.386527,15.537219,15.231001,15.135522,16.31314,15.136601,14.811196,15.673245,15.834008,15.050431,14.547422,15.617778,15.517151,14.668569,15.764345,15.754846,15.661366,15.313229,15.392845,15.8443985,15.122751,15.760339,15.717129,15.693525,14.7203045,15.405996,15.756484,14.548468,15.407834,15.725278,15.285565,15.546452,15.896829,15.757625,15.948705,15.772532,15.422795,15.506055,15.392144,15.012454,14.61148,15.647665,15.991371,15.335493,15.919638,15.652354,15.150482,15.855,15.523579,14.687294,15.539471,14.79251,15.538826,16.05008,15.581247,15.352606,14.721661,15.365242,14.873035,15.398764,15.732363,15.289079,15.017372,15.697914,15.414523,15.48172,15.608996,15.951622,15.178494,15.254931
Chung-Buk,14.443469,13.597995,14.757622,14.654376,13.840813,14.510396,14.205404,14.272676,13.711401,14.281472,14.022157,14.57934,13.910741,14.4654,14.287464,13.8258,14.766631,14.414335,13.721295,13.949579,13.727631,13.94721,14.330464,14.837363,14.62279,14.009724,14.908585,13.855133,14.802092,14.3734045,14.388664,14.26073,13.923472,14.340064,14.850546,14.022437,14.391598,13.643806,14.49499,14.830335,14.858076,14.457801,14.710936,14.695203,14.000101,13.990346,14.794393,14.584109,14.28893,14.074371,14.015885,14.786879,13.682523,14.913176,14.320383,14.358914,14.271374,14.576169,14.156036,13.942978,14.667048,14.380408,13.812918,14.537801,14.614617,13.8402,14.281372,14.341106,14.102166,13.849397,14.5661545,14.667816,14.380286,13.953622,14.103713,13.901612,13.557732,14.7821455,14.238425,14.152908,13.906898,15.044888,14.183416,14.221312,14.18186,13.631263,14.298223,14.042977,13.620922,13.874585,14.231081,14.602977,13.583527,14.23265,14.144247,14.543301,14.537456,14.523417,13.192818,14.030344,13.769878,14.716997,14.779328,13.971678,14.318783,13.560077,13.825024,14.675754,14.053779,15.017589,13.425874,14.442833,14.507036,14.200823,14.451332,14.270504,14.610641,13.279884,14.551601,19.630978,18.657772,19.918526,19.820139,19.184746,19.713163,19.276468,19.382992,18.889717,19.231634,19.491535,19.86341,18.863369,19.569397,19.485874,19.12509,20.102879,19.709602,19.139645,19.191202,19.108139,19.236393,19.597816,19.761713,19.789202,19.2708,20.031746,18.874836,19.975565,19.41271,19.269234,19.542078,19.345106,19.394766,19.99793,19.227032,19.323265,18.94355,19.667934,19.778675,20.12766,19.751526,19.741158,19.87266,19.12647,19.13525,20.079493,19.79237,19.410862,19.199656,19.06723,19.899834,18.980871,19.972462,19.417086,19.611763,19.510637,19.675196,19.168972,19.276377,19.80384,19.576586,19.202003,19.521183,19.743458,19.118198,19.468441,19.385456,19.350393,19.019493,19.846376,19.702183,19.369019,19.30105,19.481754,19.05795,18.992664,20.05139,19.471506,19.346046,19.11832,20.06504,19.415695,19.40966,19.470095,18.90538,19.627708,19.127539,18.852093,19.168747,19.419445,19.628136,19.006222,19.413982,19.26043,19.60675,19.639174,19.648764,18.534273,19.151295,18.86155,19.849077,19.92518,19.103619,19.555336,18.935831,19.15448,19.857916,19.222473,20.326817,18.80852,19.687359,19.575632,19.536419,19.762466,19.312109,19.931736,18.459787,19.737524
Chung-Nam,14.9536705,13.739517,15.480705,15.288537,15.310887,15.226829,14.475888,14.720623,14.176836,13.397533,15.919828,15.603362,14.234763,14.79831,15.193158,15.386289,15.944694,15.68858,15.340458,14.65779,14.219681,14.806784,14.455006,14.529899,15.259358,14.072688,15.009302,14.226553,15.778197,14.551129,14.248178,15.261771,14.88129,15.457423,15.124839,14.689936,13.895993,14.062616,14.813954,14.7282915,16.15721,15.077136,13.913261,14.615969,13.456982,14.95432,15.682371,14.918407,14.608707,14.936148,14.514258,15.531642,14.54061,14.22656,14.350822,15.046178,14.977789,13.864127,14.565173,14.800067,14.905232,14.850015,15.375358,13.935061,15.117691,15.254152,15.591527,14.173377,14.842746,14.451388,15.171543,15.026929,13.741091,15.114693,15.448048,14.266901,14.533656,15.727552,15.1162405,14.295989,13.388563,15.441907,14.877519,15.04735,15.02782,14.497194,15.224046,14.088809,13.618771,14.097034,14.726077,14.90553,14.63057,14.955875,14.209513,14.407071,14.635715,14.823582,13.213689,14.633112,14.180843,14.386085,15.058926,14.292081,14.558677,14.712485,14.773704,15.042375,14.857656,15.5371,14.354205,14.931915,15.031582,15.79546,15.567277,13.352358,15.978825,13.668629,15.85526,20.034822,19.110092,20.349417,20.221672,20.390604,20.285248,19.594816,19.760695,19.31804,18.80825,20.890886,20.506384,19.490494,19.893406,20.202904,20.380245,20.793005,20.48407,20.264107,19.850939,19.611988,19.866669,19.732973,19.66419,20.250532,19.544918,20.017931,19.44559,20.54995,19.709805,19.401016,20.26251,19.928385,20.31117,20.074142,19.84292,19.215345,19.436989,19.82185,19.821732,20.867325,20.183743,19.182772,19.756718,18.90281,19.999626,20.475311,19.981812,19.762897,19.997278,19.667332,20.31274,19.747252,19.467354,19.618196,20.122318,20.035208,19.228703,19.695293,19.911182,19.910204,19.952963,20.418571,19.273705,20.133245,20.299728,20.445805,19.423805,20.050737,19.692621,20.116434,19.959564,19.002546,20.113995,20.426958,19.545893,19.814272,20.57198,20.111166,19.621891,19.019432,20.208647,19.910782,20.114729,20.13131,19.769096,20.370972,19.415358,19.115467,19.483772,19.93477,19.858973,19.93837,19.938614,19.613192,19.557405,19.674643,19.807415,18.909286,19.776957,19.370173,19.626595,20.145363,19.622166,19.800825,19.894894,19.93266,20.013414,20.00464,20.450193,19.71342,20.001278,20.119925,20.76429,20.540154,18.871033,20.837059,19.099506,20.598225
Gyeong-Buk,11.72151,11.602121,12.235254,12.45386,10.977198,11.32854,11.8707075,11.896029,10.472204,11.6098585,10.526333,11.719089,11.071902,11.596364,12.044036,11.773742,12.119987,11.777396,10.971616,10.905458,10.767652,10.947449,11.808071,11.710093,11.986107,10.956519,12.704486,10.354487,11.43473,10.857872,11.048189,11.374568,10.531997,11.682833,12.654385,11.890902,11.486665,11.180301,12.0199,12.220032,12.193626,11.114064,12.01315,11.671292,10.677823,11.710526,11.404452,11.926591,11.634262,12.049212,12.280439,12.556342,11.210552,12.398259,11.303193,11.446255,10.935678,12.246798,11.789444,11.332998,11.427412,12.204625,10.866209,11.72648,11.281191,11.133751,12.190137,12.176736,12.121903,11.377329,11.881584,12.294189,11.971086,11.519069,11.193844,11.841919,11.515823,11.555461,11.179915,11.241442,11.458683,11.841756,11.218019,10.864863,11.484394,10.963369,11.336745,10.916781,10.617363,11.775816,11.860338,11.806575,11.037477,11.345454,10.957223,12.459299,11.546021,12.4063635,10.192945,11.118345,11.830065,12.0451765,12.548241,11.671478,11.38473,10.453807,11.371674,12.210597,12.3033,12.062684,10.797291,12.278053,12.521216,10.715868,11.850261,12.140838,11.471021,10.763196,12.189562,16.86634,16.687521,17.40137,17.588665,16.371706,16.556072,17.05438,17.108332,15.73691,16.681198,15.989318,16.94006,16.256773,16.849165,17.211363,17.080303,17.35715,17.01349,16.340912,16.212141,16.151155,16.245903,16.990105,16.802034,17.213024,16.221182,17.81856,15.600362,16.698414,16.041582,16.118788,16.580896,16.056211,16.939709,17.8123,17.0368,16.605965,16.436972,17.160673,17.334698,17.392517,16.470678,17.067081,16.86142,15.876461,16.843334,16.769447,17.135147,16.778847,17.190138,17.31309,17.646803,16.510685,17.497066,16.57783,16.674145,16.2702,17.39251,16.973934,16.583885,16.734745,17.418278,16.262823,16.881262,16.433264,16.362995,17.371075,17.223911,17.363026,16.575413,17.143274,17.413456,17.050327,16.741833,16.611446,16.98699,16.78407,16.819185,16.509666,16.397173,16.662933,17.049534,16.58665,16.161358,16.792963,16.256948,16.631102,16.103092,15.888717,16.986412,17.035976,16.917812,16.343143,16.733105,16.186811,17.523859,16.68023,17.600117,15.453321,16.31038,16.889404,17.17627,17.698605,16.772976,16.644615,15.76887,16.656311,17.430304,17.404835,17.40776,16.094559,17.526993,17.629904,16.111055,17.106768,17.147072,16.78265,15.89264,17.387207
Gyeong-Nam,10.409331,10.062534,10.988281,10.808493,10.710658,10.002983,9.836877,10.371268,9.694181,9.814362,9.783444,10.620888,9.574962,10.285246,10.766459,10.521292,11.010328,10.306304,10.212801,9.970989,10.212078,9.926651,10.730519,9.935252,10.605064,10.070485,10.466284,9.523716,10.37624,9.868507,9.741279,9.957241,10.140683,9.940995,11.279831,10.120994,9.9741125,10.185299,10.719395,10.524318,10.249684,10.313091,10.281222,10.201702,9.45623,10.01998,11.021407,10.955357,10.352363,10.262098,10.086442,10.878389,9.673962,10.492597,10.329876,10.699043,10.052713,10.228915,10.737643,10.536738,10.10135,10.646716,10.121719,10.618951,9.882204,10.310248,9.963376,10.259655,10.475097,10.590231,10.835802,10.615589,10.091027,10.088657,10.479789,10.806859,10.193493,9.932784,9.828699,9.791283,10.006889,10.820744,10.450737,10.014608,10.41154,9.427724,10.326569,10.0272,9.412025,9.992593,10.066281,10.188614,9.991078,10.367973,10.0295725,10.779255,10.4407,10.871046,9.466755,10.339798,10.676914,10.221578,10.481167,10.026281,10.422086,9.4962635,10.345959,10.584809,10.742446,10.722206,10.03455,10.804442,10.814468,10.259903,10.70185,10.534379,10.967413,9.529639,10.887797,14.253513,13.953582,14.720069,14.488954,14.832849,14.099639,13.572521,14.238539,13.703908,13.727135,14.046242,14.433492,13.648401,14.336092,14.565008,14.291643,14.705663,14.233792,14.301825,14.022566,14.286629,13.857605,14.551564,13.9028,14.542002,14.315535,14.16385,13.640491,14.352893,13.933816,13.609579,14.032836,14.3539715,14.038894,15.003347,13.944951,13.971755,14.163883,14.349037,14.218124,13.969947,14.451893,14.068633,14.1733055,13.4326315,13.801882,14.936075,14.848874,14.441775,14.077172,13.71012,14.500381,13.660347,14.338787,14.245475,14.707181,14.122539,14.0602455,14.596475,14.604117,14.324835,14.315578,14.23348,14.659551,13.906692,14.343173,13.7577095,13.956339,14.221868,14.387027,14.866854,14.205598,13.695347,13.848642,14.453089,14.62918,14.021733,13.814159,13.969213,13.738476,14.084569,14.491849,14.305002,14.117301,14.531508,13.5039215,14.218316,14.082255,13.613659,13.833317,14.049942,14.1987295,14.018713,14.3625765,14.331341,14.4590645,14.173885,14.507468,13.657312,14.4176855,14.54212,14.134224,14.33188,13.929188,14.44129,13.552824,14.487284,14.378984,14.347684,14.592289,14.130257,14.5020075,14.449741,14.306594,14.518866,14.326328,14.86267,13.612641,14.587714
Jeon-Buk,11.2003565,10.632381,11.343443,11.515929,11.736572,11.535782,10.296091,10.485719,10.150926,10.647679,11.462567,11.041732,10.931567,10.722698,11.129467,10.893316,12.171517,11.604791,11.025759,10.861688,11.21555,10.784861,11.136456,11.155065,10.997841,10.912315,11.565536,10.428198,11.122147,10.617038,10.503675,11.439842,11.517749,11.131797,11.837768,10.773657,10.475879,11.049425,10.9269,10.741694,11.617785,11.539821,10.929104,11.278538,10.210224,11.141489,11.773748,11.436063,10.569197,11.044828,11.309165,11.134157,10.930696,11.617012,11.407341,11.316421,11.357184,11.013833,11.278932,11.5458765,11.611789,11.075264,11.492837,11.322891,11.356962,11.091167,11.189292,10.434769,11.678014,10.836601,12.047936,10.74127,10.133554,10.897837,11.531829,11.081791,10.931688,11.504535,11.253035,11.056374,10.8642235,11.15554,11.33414,11.484029,11.65873,10.956653,11.475617,10.230627,10.598827,10.75448,11.1434965,10.849545,11.462906,11.44,10.829335,10.5773945,10.94224,11.612321,10.309995,10.7821245,10.136928,11.181045,11.71027,11.079056,11.44212,10.571865,10.647991,11.069823,11.578453,11.865588,10.972299,11.40432,11.562355,11.689016,12.07879,10.567829,12.230311,10.156544,11.358559,16.479267,16.106123,16.4724,16.556112,16.831942,16.686089,15.782507,15.988294,15.700918,16.182938,16.65262,16.132887,16.472149,16.131447,16.256989,16.257032,17.053307,16.682707,16.295063,16.35326,16.575445,16.176725,16.502497,16.468584,16.33987,16.467472,16.570332,15.966781,16.22976,15.96767,15.854132,16.606895,16.72657,16.444761,16.905151,16.182693,15.9555645,16.494211,16.194118,16.09499,16.536667,16.758224,16.308325,16.629942,15.791594,16.309717,16.827188,16.539549,16.112232,16.280338,16.454638,16.142374,16.35164,16.788332,16.715813,16.550087,16.531292,16.440449,16.592289,16.794455,16.876432,16.27791,16.785526,16.782547,16.482828,16.30282,16.294641,15.990991,16.807877,16.12402,17.090631,15.979816,15.562611,16.045443,16.733625,16.512375,16.263351,16.473215,16.485493,16.386839,16.416004,16.241781,16.583305,16.69602,16.838074,16.380459,16.642155,15.76121,16.25567,16.21902,16.45918,16.216549,16.680965,16.726564,16.407349,15.999712,16.222021,16.744425,16.046139,16.163616,15.782697,16.450134,16.860664,16.422146,16.769156,16.050236,16.07596,16.209183,16.665796,16.850815,16.245031,16.608093,16.613684,16.689703,17.046684,16.14197,17.101248,15.878606,16.40223
Jeon-Nam,8.507568,8.359511,8.602261,8.211863,8.997401,8.603564,7.7654285,8.391072,7.460305,7.7812247,9.048417,8.244278,8.626792,8.666207,8.607344,8.387879,8.72164,9.008347,8.710468,8.485373,8.615988,8.048208,8.719042,8.408197,8.948667,8.994825,8.40494,8.074167,8.324435,8.509873,7.7511067,8.858007,8.637175,8.821673,9.163761,8.3870735,8.202251,8.2993145,8.158763,8.082421,8.357009,8.767919,8.442075,8.875224,8.22683,8.195556,8.979708,8.864077,8.886578,8.77032,7.867634,8.401403,7.7294464,8.610448,8.356939,8.575488,8.436367,8.380279,8.418721,8.984657,8.8689375,8.228951,8.764947,9.0594,8.405231,8.9438,8.363522,8.053593,8.595814,8.283535,8.914633,8.185513,7.6789374,7.950447,8.645956,8.794275,7.6595325,8.120354,8.718705,8.20188,8.780585,8.323864,8.134209,8.457292,9.008794,7.96442,8.39361,8.367423,8.651474,8.502498,8.766386,8.808817,8.476786,8.496336,8.929935,8.539033,7.8457246,8.260708,8.484183,8.5512,8.71831,8.680728,8.955605,8.456065,8.874587,8.323539,8.846026,8.377505,8.189169,9.062055,8.333053,8.6720085,8.1750765,8.619201,8.530249,8.608675,9.241957,8.26075,8.55275,13.6739645,13.507982,13.750261,13.410649,13.981762,13.642102,13.187546,13.715081,13.007784,13.20988,14.0870285,13.284235,13.857019,13.795514,13.518459,13.702444,13.717688,14.045618,13.862582,13.762215,13.710697,13.358922,13.846321,13.506214,14.054534,14.129614,13.427018,13.220385,13.401643,13.75501,13.026101,13.934998,13.861737,13.988569,14.126269,13.697235,13.320574,13.42164,13.546319,13.308216,13.473022,13.914433,13.712265,14.0429735,13.488895,13.40645,13.96173,13.834607,14.075238,13.859032,13.149593,13.406217,13.105233,13.593383,13.610437,13.612204,13.488461,13.721457,13.533107,14.008159,14.060674,13.502145,13.88557,14.087747,13.514553,13.951108,13.648352,13.481796,13.731436,13.436179,13.858527,13.506594,12.953241,13.1489935,13.7353115,13.908898,13.083266,13.283124,13.745317,13.454127,13.962612,13.347482,13.34354,13.680998,14.027326,13.395713,13.590078,13.607268,13.880945,13.712823,13.89803,13.921777,13.531002,13.709144,13.978138,13.7844305,13.235374,13.562186,13.801715,13.609102,13.910862,13.773885,13.920456,13.718338,14.016014,13.575745,13.89608,13.573453,13.324621,14.113534,13.370662,13.914006,13.349399,13.672123,13.624648,13.872106,14.203712,13.613043,13.712205
Jeju,4.9971547,4.8808703,5.078782,4.5538297,5.1344748,4.523151,4.914477,4.879069,4.7120767,4.6391134,4.856926,5.0761237,5.1019826,5.069946,4.840708,5.188083,5.1428533,4.9599705,5.2279806,5.008738,5.137685,4.9745374,5.122644,4.794667,5.2127557,4.9905744,4.6003003,5.0763383,4.882406,4.8583064,4.8432646,4.8857017,5.1532445,5.210047,5.2121143,5.0503745,5.1368737,5.133973,4.772037,5.150563,5.10274,5.1368155,4.969679,4.941459,5.0618315,5.13426,4.9807014,4.7322283,5.0314536,4.850285,5.010204,4.639687,4.7275047,4.884498,4.9747634,5.214485,5.1356745,4.7132835,5.0264506,5.0517173,4.860818,5.0873094,5.176112,4.773025,5.086671,4.9323034,4.964165,4.921171,4.9166164,4.802281,5.1781063,5.0270653,4.8337207,4.576671,4.7256346,5.0671415,4.867709,4.576561,5.1924887,4.6967683,5.0369678,5.134882,4.7415476,4.594342,4.960953,5.0188475,4.901913,4.9970374,5.150368,4.704701,4.9159045,4.7038937,5.0485916,4.9206533,5.232233,5.039802,4.588674,4.79256,4.918968,5.225172,5.1852036,5.1212893,5.1505156,5.0921464,4.582186,4.7750864,4.64715,5.112555,4.915036,4.9787393,4.6017737,5.0588303,4.9008265,4.9676747,4.8388495,5.0538645,5.1173067,5.074814,4.8470736,9.062316,8.984791,9.266464,8.573866,9.136738,8.149242,9.055653,8.86664,8.5022745,8.619658,8.994163,9.181624,9.137561,9.117902,8.774053,9.161298,9.071064,8.656382,9.192431,8.798843,9.1760025,9.0927925,8.899543,8.912847,9.118851,8.924963,8.523763,9.028713,8.676258,9.041352,8.886821,8.741648,9.233456,9.220326,9.168105,9.024589,9.2145405,9.153825,9.022163,9.074659,9.181569,9.352838,8.917634,9.08283,9.156487,9.14173,8.651285,8.82594,9.05274,8.856465,9.085841,8.555782,8.651832,8.821145,8.935351,9.231828,9.200209,8.915471,9.239183,8.977946,9.055374,9.102387,9.175902,8.27499,9.079621,8.871738,8.875588,8.792022,9.162807,9.009386,9.079684,9.1626425,9.006125,8.573507,8.568119,9.1835375,8.892647,8.434256,9.146658,8.660246,9.19255,9.127783,8.941676,8.59734,8.809768,9.111272,9.002549,8.846457,9.078542,8.734706,9.1123295,8.645549,9.225717,9.004175,9.140908,8.894158,8.824624,9.023851,9.152346,9.213348,9.274283,8.925531,9.100849,9.12794,8.497068,8.563256,8.125622,9.248183,8.915264,9.129364,8.234349,9.17029,9.087886,9.150211,9.013762,9.294907,9.208494,9.167157,8.899542
Daejeon,15.561161,14.752488,15.877884,15.814439,15.096754,15.261885,15.142766,15.126207,14.770589,14.685923,15.534122,15.792712,14.878195,15.353835,15.3664055,15.49931,16.073177,15.770743,15.27836,14.867341,14.657993,15.08858,15.470998,15.323788,15.653928,14.756068,15.648188,14.609937,15.669906,15.097805,14.96454,15.403932,15.293256,15.535996,15.809131,15.306469,14.935823,14.684661,15.7276,15.431116,16.215765,15.682275,15.082592,15.5056305,14.794195,15.581577,15.9619255,15.685726,15.115621,15.490162,15.534284,15.771117,14.626679,15.343746,15.128192,15.589218,15.286979,15.025415,14.985449,15.435573,15.516514,15.624379,15.380505,14.94215,15.427596,14.922456,15.67431,14.99826,15.470303,15.161739,15.595682,15.62264,15.080066,15.4932575,15.49846,14.997865,14.703164,15.61236,15.155444,15.033967,14.333124,16.036058,15.430343,15.118279,15.151839,14.709204,15.396824,14.947953,14.471209,14.816433,15.253067,15.468267,14.959806,15.291486,14.952465,15.32416,15.500026,15.76424,14.145783,15.342021,14.937374,15.258407,15.812016,14.755803,15.396,14.912,14.983233,15.5369425,15.668452,16.043629,14.259264,15.942399,15.347384,15.403545,15.492015,14.788895,15.553293,14.297807,15.834019,20.421875,19.651602,20.47735,20.528694,20.237522,20.278963,19.9162,19.824512,19.620344,19.506166,20.74419,20.625742,19.715595,20.163677,20.245667,20.377132,20.937107,20.506735,20.22986,19.869078,19.954967,20.03252,20.388327,20.10267,20.38695,19.844486,20.337734,19.424383,20.360334,19.87461,19.607174,20.33044,20.236694,20.279324,20.343649,20.11672,19.741158,19.794775,20.286997,20.175375,21.072989,20.499634,19.929548,20.260506,19.705206,20.309513,20.722141,20.323992,20.08864,20.239866,20.247362,20.35413,19.650658,20.180447,19.985691,20.377375,20.277212,19.925478,19.728783,20.392347,20.21359,20.218842,20.47726,19.858074,20.272587,19.975182,20.382843,19.786114,20.470821,20.042841,20.531717,20.217165,19.72729,20.358604,20.538671,19.865196,19.858648,20.4717,20.08521,20.02752,19.51817,20.584137,20.330885,20.075409,20.15236,19.80801,20.494864,19.800411,19.589037,19.755999,20.194836,19.99643,20.07384,20.129639,19.940775,19.987375,20.207338,20.389498,19.425953,20.174675,19.733875,19.983,20.583548,19.879707,20.46169,20.045261,20.084251,20.071775,20.502535,20.799805,19.587057,20.545588,20.20735,20.488222,20.567884,19.722464,20.467014,19.378304,20.438873
Ulsan,11.788912,11.714371,12.631541,12.373278,11.21038,10.996202,11.562806,12.164897,10.653848,11.586162,10.670027,11.824233,11.033702,11.216741,11.930528,12.251853,12.045963,11.855721,11.350825,11.292119,11.318373,11.168235,11.932613,10.975495,12.120148,11.3241205,12.108241,10.457491,11.302149,11.093536,11.251166,11.119414,10.71895,11.010519,12.40093,11.910908,11.400816,11.4393015,11.684892,12.242309,12.187559,10.832459,12.162931,11.905543,11.091767,11.855369,11.775713,11.769135,11.869548,12.227901,12.073908,12.072378,11.214089,11.780442,11.338161,11.526887,10.937957,11.655345,11.984201,11.759491,11.083729,11.902603,11.224058,11.716903,11.166254,11.406346,11.522554,11.794521,12.155803,11.586265,11.561422,12.672475,12.387939,11.897024,11.361993,11.846467,11.8074,11.231517,10.882499,10.913859,11.691624,11.848957,11.227541,10.502209,11.47163,10.950407,11.593388,10.938183,10.769987,11.721137,11.875998,11.347962,11.077839,11.397541,11.160136,12.564045,11.359031,12.544913,10.701808,11.417451,11.696775,11.85728,12.1749735,11.2300825,11.048076,10.927596,11.168281,12.016344,12.616764,12.058862,10.715256,12.623735,12.052401,10.787352,11.854551,11.864579,11.535218,10.961252,12.074737,15.378607,15.147062,16.136843,15.867116,15.268869,14.940302,15.041687,15.789794,14.716939,15.298713,14.848685,15.559922,14.8906145,15.16074,15.364007,15.8421135,15.662418,15.313071,15.227922,15.292545,15.366975,14.944693,15.539276,14.853074,15.750047,15.310686,15.580825,14.488359,15.279432,15.047944,14.978989,14.797396,15.081984,14.823869,15.809215,15.421498,15.398458,15.24155,15.078269,15.839207,15.719796,14.852367,15.71397,15.467177,15.136511,15.393459,15.739561,15.423142,15.664213,15.56754,15.340038,15.372236,15.203681,15.210787,15.360026,15.409636,14.910311,15.122574,15.842371,15.504246,15.167316,15.414561,15.386457,15.659433,15.028661,15.128469,14.944567,15.137003,15.637763,15.352986,15.2847805,15.960295,15.66005,15.449125,15.310495,15.391695,15.567001,15.023295,14.7329645,14.725483,15.384474,15.772593,15.099064,14.611444,15.3972845,14.858262,15.367634,14.744044,14.690789,15.1901045,15.498816,14.892997,14.805856,15.449539,15.2459545,15.948347,14.97015,16.03854,14.712734,15.299037,15.206898,15.338767,15.507319,14.889271,14.955743,14.973496,14.998942,15.788993,15.977819,15.667029,14.652212,16.021015,15.610886,15.015118,15.694582,15.266367,15.390681,14.768489,15.68992
Sejong,17.470963,16.558521,17.886436,17.64657,17.278498,17.131506,16.83587,17.164776,16.900946,16.270552,17.553577,17.71535,16.732418,17.289507,17.388742,17.610062,17.895483,17.73413,17.303352,16.760996,16.628572,17.003042,17.254896,16.962452,17.746216,16.500628,17.471777,16.51028,17.862856,16.945484,16.810616,17.399965,17.074905,17.4219,17.49309,17.191114,16.639212,16.518232,17.464085,17.316938,18.375391,17.509695,16.596006,17.358557,16.369919,17.462578,18.003372,17.346567,17.113882,17.356855,17.195993,17.778334,16.55007,17.040834,16.947184,17.46342,17.265669,16.604906,16.795275,17.249655,17.325777,17.446753,17.456827,16.625952,17.314337,16.970993,17.719782,16.68991,17.282175,17.105478,17.484137,17.375385,16.645788,17.575033,17.490099,16.777151,16.746733,17.642284,17.109892,16.669386,16.107729,17.894232,17.333143,17.210503,17.06526,16.848326,17.247042,16.785236,16.209566,16.622663,17.184053,17.444162,16.863949,17.249481,16.839651,17.027893,17.328644,17.432943,15.791767,17.209538,16.756676,17.12057,17.457891,16.580317,17.155016,16.879389,16.959768,17.36181,17.48971,17.851183,16.427635,17.539774,17.090172,17.567118,17.414839,16.227486,17.837475,16.240007,17.996214,21.983816,21.106192,22.224358,22.032553,21.981262,21.697664,21.365227,21.608408,21.402039,20.85343,22.298437,22.197462,21.220545,21.773012,21.99423,22.070387,22.362444,22.09897,21.8891,21.36141,21.475906,21.506392,21.89448,21.408112,22.184076,21.277578,21.944765,21.004637,22.185472,21.490135,21.197308,21.92086,21.554117,21.778215,21.778893,21.75061,21.23232,21.29773,21.847872,21.773424,22.847143,21.975164,21.08556,21.73641,21.023006,21.94135,22.315561,21.73661,21.698217,21.83227,21.698587,22.108763,21.17008,21.547997,21.468367,21.974703,21.819658,21.212133,21.267994,21.856943,21.605509,21.902122,22.038208,21.199179,21.794413,21.59948,22.144594,21.331417,21.925524,21.726011,21.990206,21.770782,21.142439,22.118866,22.056099,21.332724,21.584131,22.109156,21.570658,21.404432,20.989992,22.198511,21.82659,21.772123,21.669716,21.453161,22.007751,21.37618,20.984108,21.354425,21.791605,21.774933,21.59719,21.662485,21.555956,21.534973,21.654745,21.763792,20.808569,21.722136,21.316153,21.569794,21.91281,21.351488,21.844889,21.608614,21.696108,21.796873,22.070343,22.264252,21.3573,21.925087,21.648834,22.245087,22.060125,20.983606,22.437948,21.054842,22.296755
