4.660293,4.444639,4.455413,4.414832,4.461321,4.4289503,4.393543,4.4000893,4.317361,4.234854,4.182224,4.15084,4.1007056,4.040167,4.005521,3.972767,3.9163046,3.9293087,3.9352543,3.9096797,3.902997,3.888547,3.8648214,3.8805764,3.9451525,3.9327488,3.9282181,3.9195313,3.9014091,3.878098,3.8994727,3.9308262,3.962067,4.0228987,4.0476866,4.0963917,4.150857,4.1963797,4.1884847,4.218831,4.2115235,4.1879153,4.162755,4.108357,4.0590124,4.0343504,4.0151124,3.9442532,3.8499687,3.7870462,3.7517655,3.6523442,3.639545,3.616575,3.555425,3.5258026,3.521685,3.4902153,3.496391,3.4631667,3.4988365,3.4986625,3.420991,3.388351,3.4127593,3.326911,3.3803954
4.536977,4.464446,4.4735804,4.484783,4.453514,4.4409924,4.4228354,4.424988,4.3284473,4.2789965,4.2489605,4.161788,4.139817,4.0964746,4.031662,3.9749424,3.948116,3.9594383,3.9266386,3.972261,3.9367816,3.9478166,3.8831477,3.9002893,3.933378,3.9833817,3.9309921,3.8885138,3.869442,3.9220026,3.9022608,3.9850159,3.979599,4.0147877,4.0931234,4.1132236,4.177228,4.2629676,4.242323,4.26964,4.2585764,4.2163124,4.2059364,4.1305256,4.0918455,4.0783877,3.9925394,3.9335332,3.8949893,3.7885509,3.7233052,3.7008753,3.6691206,3.6024313,3.5764077,3.5777717,3.5312824,3.5082724,3.5265512,3.5320592,3.4717052,3.5090735,3.4888415,3.4501724,3.428318,3.380526,3.296067
4.541662,4.4883394,4.51874,4.5256033,4.4887867,4.4372063,4.452971,4.4390383,4.368783,4.3089747,4.286968,4.22095,4.188348,4.1574087,4.075225,4.04125,3.9787023,3.974363,3.9970841,4.035861,3.9757516,3.9587529,3.9407482,3.955871,3.9619534,4.039213,4.040138,4.0446377,3.9483476,3.9669833,3.915651,3.9598136,3.9790409,4.0199533,4.08729,4.1650524,4.204624,4.3106365,4.3096647,4.293234,4.3171415,4.3064723,4.2417097,4.2131805,4.143553,4.08965,4.0404024,3.9585161,3.915235,3.8324494,3.7550085,3.707943,3.6920693,3.6079392,3.5965867,3.5611444,3.5328212,3.5305128,3.5279183,3.5222857,3.4881907,3.4776633,3.4732966,3.4739277,3.450038,3.4176304,3.4081707
4.594979,4.545591,4.526313,4.535866,4.5355673,4.5131445,4.5149384,4.489811,4.4170523,4.364666,4.2984743,4.242883,4.199074,4.1529355,4.104941,4.096409,3.9959605,4.055242,4.0293956,4.0558367,4.0230927,4.031131,4.0113797,3.9726667,3.9357936,4.0209064,4.0704937,4.0712705,4.0289307,3.998353,3.9526756,3.9723787,4.0281925,4.042094,4.094425,4.1926994,4.2713256,4.35198,4.3713007,4.3833504,4.3882656,4.3386755,4.310054,4.259472,4.186553,4.1320915,4.062119,4.0170727,3.9710977,3.8612149,3.8007772,3.7095923,3.6787128,3.6616926,3.62936,3.5711746,3.56072,3.536644,3.5257049,3.545577,3.5220048,3.532355,3.5143209,3.5138903,3.471981,3.437192,3.5158565
4.629561,4.5934744,4.574156,4.560957,4.5271425,4.5104814,4.5134053,4.496851,4.436062,4.3790574,4.3361955,4.278593,4.254826,4.2475286,4.1527004,4.106095,4.066045,4.025102,4.0442753,4.009144,4.0117207,4.1014113,4.0822163,4.0295134,3.987258,4.0531964,4.0849533,4.049546,4.099839,4.0433664,3.9900393,4.0138464,4.0928965,4.1383944,4.117529,4.1959834,4.2686534,4.387891,4.419598,4.418209,4.430151,4.4218035,4.355676,4.3041315,4.2482643,4.1795464,4.110453,4.045118,3.977911,3.8843064,3.820874,3.754397,3.7228642,3.6667962,3.6273856,3.5799656,3.5803022,3.5444858,3.566434,3.575163,3.510558,3.5047102,3.492548,3.4597964,3.4692638,3.450572,3.5627127
4.594941,4.593931,4.625489,4.603473,4.557613,4.5421968,4.534195,4.5318456,4.5011153,4.448057,4.4074697,4.343609,4.2761097,4.2519073,4.214043,4.184882,4.13086,4.0457263,4.0652246,4.0589733,4.0530624,4.12482,4.1735773,4.0874424,4.0273013,4.118515,4.119921,4.1129675,4.0385017,4.064247,4.0414767,4.0271006,4.11532,4.1248903,4.190377,4.2736316,4.3154674,4.4110637,4.4289865,4.46267,4.4577613,4.4359164,4.405678,4.354544,4.2910337,4.224821,4.1736755,4.111082,4.0299473,3.9550045,3.8841,3.774526,3.7346623,3.6985536,3.6664917,3.6003659,3.5879183,3.553682,3.559073,3.5822392,3.5853562,3.5608878,3.5094218,3.5116117,3.4417384,3.4657588,3.6164436
4.656043,4.6875005,4.608969,4.617247,4.5971413,4.570884,4.545745,4.54935,4.49139,4.4513426,4.4220347,4.357108,4.311233,4.291342,4.2438827,4.234858,4.138865,4.0700827,4.1178427,4.0511413,4.1711044,4.24235,4.3234396,4.2806334,4.1949368,4.2901564,4.19594,4.188416,4.153475,4.06503,4.0005436,3.9605393,4.085708,4.244356,4.1590104,4.314308,4.3375263,4.4079943,4.4344764,4.4586744,4.4667053,4.4412384,4.437805,4.419598,4.3326735,4.261844,4.202155,4.110959,4.019764,3.9762492,3.8697276,3.774028,3.7274425,3.67937,3.667446,3.6178417,3.592411,3.60991,3.5705094,3.5855725,3.5983086,3.574781,3.533842,3.5381613,3.531988,3.6152666,3.7361581
4.6432014,4.653037,4.660203,4.6345434,4.579569,4.5974417,4.584392,4.561397,4.530525,4.4936733,4.4874086,4.4042044,4.368808,4.329774,4.2726154,4.2649584,4.1905923,4.1179543,4.095518,4.1051483,4.1803656,4.3636723,4.897857,4.8920517,4.844058,4.861266,4.432991,4.2847166,4.2128086,4.1080146,4.0637503,4.017216,3.9853206,4.2255716,4.276449,4.253553,4.3839264,4.4484124,4.507963,4.4965496,4.5140133,4.5126324,4.4499836,4.422467,4.377993,4.297799,4.231209,4.1479716,4.0833516,3.9950414,3.9134085,3.8242931,3.7516801,3.6986222,3.6766887,3.6360645,3.6369388,3.6038303,3.593787,3.637178,3.6209593,3.6255064,3.6083145,3.5722015,3.5478168,3.6514819,3.8926
4.700865,4.6354675,4.6558676,4.6256533,4.6067805,4.629616,4.625513,4.573273,4.5630875,4.547966,4.5148597,4.462726,4.3989487,4.378761,4.3270736,4.2937636,4.204135,4.1709585,4.149548,4.1245246,4.2350583,4.4764514,5.0201187,5.4096212,6.037208,6.4314156,5.605797,4.861066,4.5467005,4.132608,4.117111,4.0972857,4.0811744,4.2436876,4.288476,4.3292356,4.314498,4.4263616,4.5130196,4.558112,4.5696263,4.5444064,4.4939857,4.4527082,4.4092746,4.3523426,4.2806835,4.2108464,4.1327543,4.0511036,3.9210958,3.8122878,3.7863696,3.7356133,3.7150116,3.696732,3.610792,3.6293247,3.625507,3.6778717,3.6874156,3.7000377,3.6451023,3.7048283,3.7516975,3.917893,4.204857
4.7257953,4.6959076,4.6447325,4.6482697,4.623618,4.614764,4.6082735,4.5808887,4.5796027,4.5618773,4.5360923,4.4977684,4.438754,4.3948927,4.349247,4.316226,4.2641,4.175932,4.1719875,4.1892176,4.23198,4.2882357,4.601285,5.23429,6.303026,7.346846,6.476703,5.452466,4.7493324,4.219803,4.160419,4.161706,4.1867685,4.2488546,4.333343,4.3331327,4.4138727,4.48643,4.537266,4.5998487,4.582341,4.567774,4.5567617,4.5226817,4.477334,4.409904,4.3320446,4.2535443,4.1785564,4.0887566,3.9978747,3.8901381,3.805046,3.7813265,3.740477,3.693456,3.680725,3.6599646,3.6504943,3.696472,3.703487,3.7094595,3.717679,3.7336135,3.7904046,3.909824,4.262014
4.721872,4.7332177,4.721682,4.688909,4.658285,4.645798,4.6272845,4.600302,4.595046,4.58496,4.605603,4.558655,4.5127335,4.4856844,4.4344373,4.3869724,4.347575,4.2834387,4.2032843,4.213733,4.2306404,4.3038454,4.3348236,4.506773,5.186019,6.534445,5.5837126,5.3396378,4.833822,4.2855215,4.2238398,4.203286,4.16231,4.304474,4.334976,4.405246,4.444716,4.530101,4.5602865,4.619152,4.6490993,4.6523533,4.596173,4.550846,4.5270596,4.469283,4.395598,4.325439,4.2217307,4.1254554,4.0345917,3.9303946,3.8508327,3.805976,3.7651033,3.6959069,3.6861486,3.6630807,3.6274304,3.6535013,3.6926415,3.7306185,3.7486513,3.7501385,3.810968,3.927088,4.2145834
4.7861633,4.746428,4.7289004,4.6989737,4.6846476,4.674511,4.6618094,4.620242,4.633074,4.599115,4.6185694,4.5979967,4.552038,4.5190897,4.473287,4.432774,4.348897,4.225492,4.2454615,4.2445993,4.2855625,4.2822347,4.290996,4.3045845,4.3299913,4.4929047,4.4684463,4.5321035,4.4123755,4.298801,4.249216,4.257177,4.1927156,4.3443947,4.389071,4.41065,4.493581,4.5435414,4.5980854,4.6509876,4.687242,4.644065,4.6436386,4.5996065,4.5437937,4.5026026,4.409472,4.3258276,4.2247305,4.1167006,4.025381,3.936944,3.8665297,3.804771,3.7403278,3.7012584,3.678439,3.6787865,3.6609454,3.6626058,3.655968,3.6819386,3.694721,3.723723,3.7451167,3.811967,4.1153603
4.811856,4.77526,4.772005,4.720914,4.7005754,4.6637087,4.703417,4.6351576,4.6494713,4.634761,4.653425,4.626569,4.609683,4.534381,4.511923,4.4851127,4.41705,4.340521,4.318012,4.274451,4.3427153,4.385419,4.378517,4.435792,4.4192104,4.471748,4.529214,4.501544,4.4431477,4.430914,4.401872,4.3105025,4.2699413,4.402099,4.456283,4.4514723,4.570318,4.588808,4.695299,4.731632,4.736225,4.7454233,4.6919584,4.675038,4.631483,4.527937,4.4713874,4.365199,4.2518973,4.171981,4.0823855,3.9654365,3.87882,3.853726,3.7885306,3.764723,3.753079,3.7005136,3.6736808,3.6442485,3.6678963,3.6869118,3.6536207,3.6705554,3.674384,3.6737692,4.064364
4.829074,4.806356,4.814266,4.758072,4.6962395,4.7111893,4.703677,4.6150846,4.6882834,4.631751,4.641555,4.657963,4.629679,4.644095,4.5674305,4.5438237,4.481717,4.412455,4.354824,4.354638,4.4007964,4.3923416,4.4639606,4.482648,4.5205927,4.5841923,4.6057763,4.56933,4.5614877,4.5235972,4.415371,4.372669,4.307852,4.6120114,4.600913,4.6108904,4.6146517,4.749709,4.712735,4.791336,4.7687206,4.781,4.702833,4.653879,4.6687946,4.610341,4.509695,4.4443893,4.3240337,4.214589,4.1005273,4.014217,3.9696615,3.8926818,3.8313675,3.796807,3.7262268,3.7123868,3.7046316,3.6786919,3.6598225,3.666963,3.6275654,3.6596866,3.6923847,3.7754302,4.043719
4.8842897,4.850868,4.798936,4.7945576,4.7479143,4.734835,4.729513,4.6887655,4.644835,4.6793356,4.6752934,4.6070304,4.6376595,4.6034584,4.579091,4.511999,4.5702467,4.500763,4.3615055,4.35758,4.5457864,4.564805,4.6081333,4.660366,4.7225914,4.7289495,4.7886276,4.7369404,4.7298856,4.62599,4.6220207,4.5732784,4.6017966,4.631673,4.643285,4.625799,4.5344505,4.684307,4.837624,4.8059077,4.8073964,4.8086057,4.783087,4.7466545,4.7075477,4.639518,4.569236,4.4840193,4.371918,4.266919,4.1679697,4.043085,3.9671721,3.9314263,3.8654926,3.8119469,3.7761962,3.7339547,3.704362,3.6934505,3.6545565,3.638021,3.6398158,3.6286683,3.6643891,3.8000605,4.04401
4.885933,4.875116,4.8231792,4.8104944,4.7502394,4.7613974,4.7920866,4.7676954,4.7120953,4.6598473,4.699653,4.684741,4.673042,4.589861,4.6482687,4.635483,4.583734,4.5265536,4.4821196,4.4590693,4.596732,4.6776667,4.731279,4.837192,4.7939324,4.9084463,4.8455515,4.822603,4.8268523,4.72451,4.699144,4.6902556,4.6863313,4.75142,4.7827587,4.79505,4.7581387,4.8212967,4.7885704,4.9294796,5.0060744,4.9442906,4.8472805,4.831661,4.785534,4.667264,4.6220856,4.5331926,4.4006367,4.315013,4.226721,4.102677,4.025353,3.9781003,3.9245574,3.841673,3.8338938,3.7919455,3.7224555,3.7142403,3.689518,3.670121,3.627916,3.5821385,3.579224,3.736237,3.9157202
4.9147005,4.884838,4.887746,4.8479543,4.7926817,4.7886662,4.7912064,4.79933,4.712884,4.6305485,4.6528263,4.621729,4.648722,4.625114,4.5749617,4.586617,4.493227,4.509963,4.4932623,4.5494304,4.7535667,4.85277,4.9461093,4.99069,5.0747204,5.137313,5.057995,4.949595,4.970589,4.959305,4.8860245,4.838231,4.9330416,4.952222,5.012952,5.0611095,5.000461,4.9856815,4.876824,4.8054214,5.0602393,4.9450474,4.9609165,4.9071093,4.869933,4.7626066,4.6970487,4.575452,4.4641037,4.3503184,4.256144,4.1403966,4.064499,3.9912138,3.944808,3.9035797,3.8725781,3.839548,3.7854066,3.7457762,3.6974268,3.6805515,3.627031,3.587901,3.5846357,3.59481,3.7475882
4.948206,4.9225473,4.9201174,4.8669653,4.8388004,4.798177,4.8024836,4.7383356,4.7398176,4.761972,4.7206163,4.731678,4.70124,4.6516304,4.62959,4.6335726,4.6049795,4.5935874,4.6068325,4.6524954,4.81815,4.9471464,5.083154,5.153197,5.287635,5.3694754,5.2346992,5.153395,5.1317196,5.087492,5.0133524,4.975113,5.055438,5.116458,5.1310654,5.2283144,5.1810484,5.0798044,5.003113,4.984513,5.1096087,5.0920362,5.008858,4.943984,4.907696,4.794307,4.7010884,4.623976,4.4934435,4.4226007,4.308768,4.1945276,4.122451,4.085909,4.021692,3.954633,3.9527164,3.8990505,3.8297772,3.8100576,3.7477894,3.7198005,3.6714864,3.6063316,3.60846,3.5389442,3.6571631
4.9598026,4.9662094,4.9645715,4.9219913,4.886472,4.8788776,4.855892,4.775039,4.7219744,4.7224865,4.7593784,4.7707777,4.7893906,4.71891,4.7288685,4.719323,4.7112527,4.7746997,4.76791,4.7966976,4.914883,5.1335087,5.2169285,5.300047,5.5810413,5.8267627,5.6558237,5.401118,5.4018373,5.317678,5.1844006,5.154238,5.17653,5.223488,5.341317,5.3829575,5.449033,5.2344832,5.1651745,5.0753393,5.2753267,5.2543287,5.191309,5.069139,5.03628,4.8953195,4.8232155,4.7308245,4.5908575,4.5102506,4.405917,4.288513,4.205978,4.128642,4.0686636,4.014976,3.9598546,3.9355845,3.8700104,3.8545303,3.809589,3.7581885,3.7045395,3.67041,3.6342614,3.5953887,3.6209192
4.9465485,4.9698935,4.959547,4.948318,4.9108014,4.924959,4.8815956,4.846986,4.760247,4.8178854,4.808058,4.8444905,4.8636875,4.816079,4.772849,4.7972417,4.8068123,4.873127,4.8962345,4.95174,5.1129637,5.283592,5.4651327,5.6525626,6.0098686,6.4436617,5.9785986,5.768572,5.6741347,5.540193,5.4622736,5.39993,5.407986,5.448801,5.4831696,5.650385,5.63849,5.5323925,5.3160467,5.395753,5.3896403,5.3844795,5.1380043,5.187592,5.1007957,5.026203,4.9718533,4.8214617,4.672005,4.590309,4.4262524,4.3636236,4.28702,4.1913795,4.1477613,4.102325,4.0252504,4.0035014,3.9394772,3.8936656,3.8425736,3.7756107,3.751033,3.6885724,3.6321676,3.602162,3.597455
4.9675517,4.9897504,5.003294,4.986823,4.958625,4.96459,4.8982344,4.8751926,4.797488,4.817482,4.7961264,4.8515825,4.8515654,4.8351254,4.8187094,4.809143,4.8540745,4.8671703,4.93854,4.972745,5.1833487,5.520748,5.7313013,5.863824,6.5347047,7.923998,6.736109,6.282279,6.2470684,6.041731,5.7978444,5.7162504,5.6792936,5.6798744,5.718595,5.735414,5.876589,5.7146225,5.4670897,5.468955,5.4599857,5.5292177,5.3444023,5.3458753,5.2665987,5.148358,5.038215,4.8823833,4.773178,4.6444454,4.5663075,4.4221773,4.3634787,4.2791386,4.173994,4.135273,4.101754,4.0403776,3.9789958,3.9486792,3.8713994,3.8413231,3.788967,3.7055647,3.6625538,3.6201596,3.6277936
5.006816,4.9753904,5.0062056,4.9861274,4.9772444,4.96237,4.984226,4.9166594,4.8430123,4.7771444,4.7920046,4.8370337,4.8811336,4.8530765,4.858246,4.8853436,4.920377,4.9681454,5.026621,5.076406,5.3415375,6.2051573,6.50852,6.310029,6.950684,8.87065,8.1941,6.8477306,7.137941,6.997608,6.300986,6.2371607,6.196256,6.1120453,6.063899,6.0450974,6.139956,6.0697446,5.7612433,5.627776,5.7438107,5.6918297,5.6258745,5.5134544,5.375037,5.312317,5.126341,4.878419,4.8794785,4.778141,4.706067,4.5204916,4.403838,4.313819,4.25149,4.1581054,4.1176395,4.0708246,4.010291,3.9853952,3.9362311,3.9155269,3.8386457,3.7551064,3.7198367,3.653623,3.6383147
5.027033,5.037053,5.040044,5.030784,5.0161405,4.9958506,4.9882393,4.982835,4.865155,4.8751097,4.833683,4.883971,4.9000216,4.8880825,4.9058466,4.9166965,4.9426184,5.0444407,5.1578465,5.202072,5.3468285,5.852755,6.848271,7.025832,7.590125,9.325895,9.503202,8.465795,9.409638,8.861196,6.9383974,7.2136,7.229424,7.0963097,6.579544,6.2859874,6.4864597,6.520091,6.0405607,5.8344183,5.885375,5.8929696,5.7005653,5.672401,5.576377,5.512543,5.361356,5.158431,4.885938,4.889867,4.8046455,4.6608562,4.5217443,4.393307,4.274718,4.2483034,4.155519,4.1142836,4.0509987,4.02401,3.9348798,3.9045117,3.866818,3.7826986,3.7224255,3.653544,3.6055038
5.051419,5.0590057,5.0626507,5.053424,5.0504003,5.0297713,5.003431,5.0015616,4.9389296,4.911291,4.890806,4.931465,4.899766,4.9143777,4.9474,4.9572515,5.0298066,5.091255,5.24886,5.413815,5.554186,5.8374677,6.482524,7.3829,8.482966,9.565511,10.5313425,10.649228,10.1421585,9.457509,7.9469156,8.327228,8.988996,8.802767,7.4852886,6.7485833,6.9865694,7.168019,6.457003,6.1428537,6.1426826,6.1083593,5.957134,5.9010415,5.815168,5.7163634,5.61481,5.3959155,5.1937304,4.9585514,4.954652,4.813427,4.6315928,4.484727,4.362238,4.2214413,4.166154,4.127929,4.051415,4.033308,3.988761,3.9396815,3.8800836,3.8208075,3.7734847,3.742337,3.65245
5.050849,5.0487103,5.0688233,5.0541162,5.048811,5.0592895,5.0125036,5.0064936,4.981063,4.976675,4.978329,4.9647303,4.988137,5.015074,4.9986315,5.021169,5.0538125,5.1383505,5.2907095,5.531839,5.687913,6.2493587,6.812232,7.531556,8.015035,8.966489,10.362725,10.610513,10.211025,9.967669,9.451405,8.658109,8.925104,9.641831,8.693688,7.6785955,7.811453,7.9426637,6.8323274,6.5846972,6.4042907,6.443702,6.294792,6.2601414,6.1651363,5.9977207,5.8302116,5.650813,5.484378,5.239416,5.007873,4.993917,4.7644663,4.567691,4.47719,4.333946,4.251238,4.211827,4.117734,4.0631,4.034715,3.975739,3.9252923,3.8604712,3.8007278,3.7640347,3.6974046
5.0700865,5.0614157,5.1050043,5.1007934,5.058102,5.061558,5.0702825,5.0527678,5.0043592,4.965026,4.9905887,5.0314846,5.0348234,4.9893456,5.016379,4.99956,5.0863895,5.091979,5.281844,5.512453,5.6061907,6.1702003,7.0311093,8.369075,9.3976755,10.193825,10.571076,10.473908,10.372728,10.51409,10.609991,10.547923,9.436972,10.270495,8.956207,9.373878,9.658509,8.699539,7.655736,7.311333,6.8802075,6.850293,6.71303,6.7183957,6.565238,6.3756156,6.168036,5.849596,5.6915607,5.5333157,5.245878,5.1631107,4.8445263,4.686058,4.4780855,4.386422,4.327052,4.255922,4.2191563,4.1224365,4.0834475,4.0382376,3.9859214,3.9014122,3.8779666,3.8109426,3.7246838
5.104053,5.0979395,5.0888877,5.111232,5.1340647,5.162054,5.122341,5.0713615,5.0681534,5.0063705,5.021113,5.071044,5.1217365,5.0611305,5.065563,5.030839,5.0499697,5.146511,5.2105737,5.334359,5.609804,6.1709557,7.228589,9.200365,10.733187,10.134005,11.1797,11.02405,10.74449,10.978825,10.9830265,11.007677,11.059567,11.337508,10.779721,13.659814,12.74973,10.164993,9.45795,8.554973,7.688309,7.374943,7.280352,7.3064175,7.150439,6.974408,6.9504185,6.1368256,5.9085903,5.752548,5.4332476,5.357994,5.10246,4.768319,4.5486274,4.4480596,4.415991,4.315832,4.2097855,4.167991,4.141429,4.116558,4.013683,3.941744,3.9158888,3.8409894,3.7785585
5.1254373,5.1328797,5.1185994,5.119029,5.1153927,5.1379204,5.1296883,5.142268,5.0852118,5.0791817,5.0852995,5.027028,5.0956473,5.0677953,5.0294414,5.0258245,5.0845647,5.1321774,5.2186346,5.4834623,5.956954,6.1839523,7.418655,9.513929,11.438682,11.256075,11.816697,11.777337,11.522428,10.614288,10.526296,10.573784,10.949673,11.790453,13.353039,18.84023,16.945953,12.270622,10.1767,9.09936,9.268366,8.68019,8.427931,8.557498,7.877033,7.7473702,8.027308,6.4793596,6.1579475,6.044116,5.7889423,5.6193976,5.309469,5.009345,4.697258,4.532077,4.3654313,4.3296347,4.2827444,4.265429,4.169683,4.1314907,4.084813,4.025011,3.939062,3.8685243,3.7987998
5.132787,5.122381,5.114278,5.145695,5.133515,5.183586,5.201036,5.171324,5.208394,5.1642427,5.1859264,5.1513534,5.1296816,5.1069126,5.100547,5.032996,5.048051,5.103436,5.2290764,5.4311256,5.7515793,6.361623,7.7005515,9.96192,11.889937,12.103464,12.250143,12.441488,11.598989,10.330572,10.0453005,10.39678,10.977193,11.35525,14.272546,27.137222,26.930153,14.14615,10.062061,10.441241,11.5260935,10.972018,10.594991,10.311834,8.783212,7.5484805,7.436781,6.74789,6.701231,6.657442,6.239127,5.9503675,5.684106,5.2692165,4.883541,4.6443925,4.565723,4.4637785,4.3680286,4.319765,4.2231627,4.1733494,4.1216393,4.0543394,4.006001,3.9379752,3.8322067
5.1637535,5.131581,5.121012,5.1636925,5.1841826,5.1783595,5.1895094,5.192465,5.2635775,5.253997,5.2505436,5.199046,5.184461,5.1837673,5.1219373,5.121169,5.089405,5.1994853,5.2456245,5.445286,5.8009596,6.486521,7.867276,9.436994,11.388246,11.658423,11.806804,12.397694,11.741906,10.077687,9.982991,10.317031,10.798717,10.714608,10.325994,10.205487,10.025225,9.61636,9.391309,11.352156,12.108802,11.817182,11.499802,10.863894,9.9075575,8.273644,7.888926,7.4009056,7.7461095,8.69207,7.1971154,6.373619,6.042533,5.580331,5.009276,4.7328596,4.6442976,4.52942,4.3966856,4.3642793,4.3074837,4.2212315,4.1442747,4.0808797,4.019802,3.9644296,3.902168
5.167115,5.162304,5.155444,5.149683,5.1798177,5.179037,5.2075334,5.2766337,5.26503,5.2436204,5.266626,5.3151555,5.2534895,5.229912,5.192309,5.187036,5.1726494,5.2158494,5.29879,5.3930516,5.7820196,6.3234787,7.5092864,9.144724,11.208077,11.462729,11.549986,11.98162,12.832128,10.345387,10.170978,10.317389,10.602461,10.539084,9.419442,8.362324,8.050104,7.6674886,8.4927435,10.567823,12.297729,12.291373,12.492478,11.532308,10.638017,9.245526,10.520032,9.619708,9.932211,11.823271,9.186269,7.3624396,6.465215,5.992087,5.254549,4.836951,4.681323,4.5706453,4.531064,4.3886437,4.292609,4.2490506,4.1677113,4.095723,4.06319,3.983684,3.8923244
5.199727,5.1941943,5.1605864,5.162731,5.1715183,5.1856604,5.227225,5.248085,5.274562,5.3075037,5.2905006,5.2892847,5.311091,5.3109994,5.2494736,5.269183,5.2436185,5.2563124,5.29974,5.4915733,5.7906065,6.315427,7.6434927,10.005326,11.258615,11.318146,10.959508,10.847946,11.679672,10.794677,10.437095,10.572484,10.601758,10.102937,8.505485,7.730693,7.62048,7.7658343,8.249726,9.74549,11.950232,11.887506,12.872784,13.295569,12.019906,10.589826,13.799634,12.206219,12.122925,11.056296,10.202537,8.909059,7.1570153,6.5301533,5.555331,4.9736805,4.735216,4.6052074,4.536174,4.4312716,4.4400954,4.312605,4.2143593,4.128294,4.083019,3.9801862,3.9059858
5.2227974,5.2589526,5.214308,5.209051,5.1908045,5.1894855,5.219772,5.267152,5.27639,5.3329725,5.3482037,5.3803334,5.399856,5.3880777,5.366323,5.3792953,5.326109,5.3899155,5.4307823,5.581625,5.980566,6.392233,7.1754103,9.229202,11.328963,11.411826,10.75253,10.546336,10.589274,10.99326,11.052412,11.223028,11.031147,10.029271,8.673032,8.692117,8.546527,8.650819,8.859394,9.5769,10.44845,11.0322,12.407438,14.373902,13.905215,12.246344,12.228034,11.994197,12.351579,10.038676,9.391459,8.824364,8.233051,7.41341,5.988396,5.211756,4.8218527,4.5598183,4.5716705,4.6127977,4.4660816,4.3778987,4.2640195,4.2018595,4.0933332,3.9738913,3.9121354
5.255148,5.2823663,5.23585,5.228484,5.2283483,5.253249,5.2854433,5.330731,5.350071,5.408675,5.4217954,5.429788,5.4730253,5.452758,5.456498,5.4067464,5.4514236,5.432928,5.522137,5.6798544,5.9521627,6.2861605,6.9859023,8.567524,11.0481615,11.632249,11.390847,11.048912,10.871955,10.806668,10.825249,11.421726,11.224014,10.298867,9.587605,9.685109,9.515681,9.516369,9.901883,9.878474,10.646798,11.551451,12.032256,13.434242,13.494767,11.616622,11.049312,11.079707,9.669645,8.916264,9.327584,9.251414,10.764049,8.704564,6.521764,5.4753885,5.005334,4.703844,4.713781,4.63686,4.5004,4.403108,4.3080688,4.229296,4.1204247,4.007889,3.9413757
5.3040466,5.309348,5.275467,5.283572,5.288872,5.3072143,5.3359547,5.3549986,5.3810863,5.441073,5.446081,5.472908,5.5139084,5.5058556,5.5038333,5.480898,5.479229,5.5335827,5.6365623,5.8236656,6.066698,6.42531,6.9549913,7.813679,9.90323,11.758497,12.1722765,12.0589075,12.1251135,11.621713,10.741616,11.167226,11.025605,10.342615,10.161275,10.443402,10.244121,10.138006,10.442089,10.176766,10.637952,11.966944,12.806841,13.61228,12.779368,10.6838045,10.279767,10.537847,9.3571205,9.144853,9.673856,10.270662,12.965211,9.995898,7.104735,5.839305,5.2282267,4.8734827,4.7515674,4.6502943,4.5396223,4.428286,4.3271766,4.245083,4.1477513,4.020633,3.9513001
5.3419504,5.357774,5.3338666,5.313401,5.346608,5.3271556,5.346057,5.4083357,5.404096,5.451731,5.4919925,5.5095844,5.567306,5.5888557,5.5559144,5.5615115,5.516877,5.589163,5.6805973,5.9527726,6.187951,6.555605,7.1071167,7.5840096,9.015384,11.306684,12.830108,12.926288,13.064641,12.201568,10.737012,11.40706,10.943757,9.996831,9.824069,10.175637,10.009247,10.104008,10.526702,10.393844,10.211854,11.661155,13.524467,13.899131,12.606389,11.24679,10.875962,11.134674,10.041047,9.723788,10.224956,10.97629,13.904446,10.727501,7.1841736,5.9071283,5.202387,4.8457756,4.6830664,4.5845704,4.492093,4.422715,4.3667436,4.207331,4.15668,4.0587606,3.9614725
5.4199247,5.4034977,5.385763,5.3743,5.3470435,5.3659487,5.3692117,5.3986945,5.41728,5.4924803,5.5577374,5.584551,5.635331,5.6640787,5.6625223,5.694335,5.6464562,5.658232,5.701765,5.9261103,6.2509995,6.5983906,7.025802,7.6451077,9.714054,12.526542,13.329319,13.612288,13.201417,12.760354,12.187713,11.64198,11.002599,10.234909,10.153096,10.449961,9.805415,9.515577,10.601491,10.600166,9.753724,10.827802,13.342003,13.671133,12.486664,11.834451,11.832157,11.744131,11.230377,10.7794695,10.905866,11.702998,12.449911,10.316829,7.0946207,5.678792,5.1435404,4.7180214,4.5921373,4.4989605,4.5592937,4.4489613,4.368823,4.272149,4.176479,4.0409565,3.9735725
5.435419,5.4617143,5.448391,5.4199696,5.397114,5.413339,5.427771,5.4775543,5.485052,5.528652,5.5972714,5.6324334,5.7191453,5.7460318,5.767144,5.7543726,5.740651,5.796832,5.825598,6.075176,6.4044,6.7508626,7.1473827,7.8230677,9.083314,11.295733,13.406295,13.922796,13.744298,13.095443,12.327593,11.994288,11.224746,10.742478,10.850228,10.833297,10.084964,9.983327,10.47852,10.21634,9.875672,10.811942,13.446039,14.092338,12.869551,12.391529,12.842121,12.964301,12.198417,11.862901,11.381995,11.564094,11.885561,10.685664,7.4732275,5.877225,5.300315,4.844729,4.5082827,4.5128775,4.4963584,4.4989185,4.362897,4.2981844,4.202839,4.090396,3.9978886
5.526828,5.532272,5.4999523,5.465748,5.4575534,5.4687033,5.4761724,5.508275,5.5145063,5.5686636,5.634347,5.655331,5.759021,5.8445277,5.8191967,5.8345623,5.9290857,5.873942,5.967867,6.209562,6.542667,6.866982,7.3426056,8.067504,9.251232,10.541901,12.568181,13.791999,14.3796835,13.666281,13.136422,12.831377,11.3128605,11.133752,11.006577,10.638161,10.255596,10.597686,10.733614,10.607009,10.583873,11.253354,13.349826,14.703537,15.023318,13.8990755,13.576669,13.817323,13.138055,13.022088,13.107585,13.580943,12.864685,11.359285,7.949026,6.2736397,5.554406,5.0168624,4.6309648,4.534148,4.498019,4.482733,4.4162464,4.3383613,4.244691,4.1168413,4.068891
5.569557,5.5493717,5.541599,5.5324326,5.534311,5.5244994,5.542395,5.5501614,5.5792904,5.616269,5.6597157,5.7090464,5.811042,5.8810205,5.8961487,5.928976,6.0261307,6.0088806,6.1108084,6.39145,6.7091265,7.0371075,7.533218,8.246821,9.43751,11.428027,13.052331,13.410075,14.433337,14.427848,13.346125,12.1911545,11.32466,11.19837,11.180215,10.626828,10.757619,10.668159,11.248956,11.724095,11.698524,12.170253,13.357985,14.439324,15.921769,15.775561,13.953877,13.392734,13.079455,12.979032,13.428307,15.1624775,14.234117,12.512552,9.454137,7.21487,6.038931,5.310846,4.7641973,4.662586,4.5784883,4.530702,4.446395,4.3586903,4.2828097,4.1832027,4.0962987
5.6692896,5.644375,5.6202803,5.620835,5.614796,5.5623,5.559307,5.572917,5.547838,5.6114707,5.645462,5.6951494,5.840913,5.941074,5.9637337,6.068526,6.1268845,6.1839905,6.28303,6.571071,6.92238,7.311051,7.8166156,8.438679,9.691136,12.04572,14.566697,14.442138,14.56706,15.133149,13.315081,11.899632,11.487782,11.329099,11.295081,10.871053,10.857423,10.954093,11.544564,12.212287,12.567505,13.099282,13.811337,14.539132,12.942349,11.641978,10.376462,11.445558,12.468265,12.472541,12.500608,15.101746,22.373611,18.925644,16.760374,9.620483,6.711846,5.603739,4.9405107,4.757146,4.687066,4.564725,4.4631577,4.347736,4.279193,4.2130527,4.160551
5.7712097,5.727735,5.7071133,5.659955,5.622016,5.618687,5.602917,5.614068,5.6058235,5.663146,5.722644,5.7469025,5.867552,5.9591103,6.0587726,6.1097527,6.2400618,6.2489796,6.450733,6.6866026,7.053728,7.4290237,7.928271,8.583101,9.610166,11.488278,13.671994,13.99685,14.4076605,14.643987,13.605613,12.357016,12.130595,11.885934,11.965258,11.720989,11.246022,11.590354,11.875182,12.621957,13.680201,13.882201,15.008292,15.984132,12.948202,11.438188,10.94403,11.162022,11.442475,11.177368,10.959939,14.442864,49.640266,38.844498,24.736801,10.544728,6.7563868,5.661119,5.05665,4.8522854,4.704763,4.6209326,4.486425,4.41457,4.3286915,4.208042,4.1375623
5.858363,5.85044,5.784613,5.7299495,5.688453,5.6799235,5.678193,5.675894,5.669467,5.718817,5.787837,5.8306694,5.9446077,5.9882493,6.0632515,6.201485,6.3302336,6.416985,6.5456643,6.9078107,7.2645836,7.655154,8.163774,8.84432,10.0068865,12.044129,13.863561,14.296858,14.766103,14.936908,14.405,13.575047,13.372649,12.788709,13.211776,12.950147,12.431287,11.933913,12.096835,12.921041,14.418936,15.044748,17.911152,17.902958,13.544021,12.686393,12.483418,11.899552,10.564693,9.926087,9.235302,8.601714,11.70651,9.609743,8.248307,6.6249256,5.6905155,5.177174,4.8170147,4.6199923,4.585519,4.525811,4.44677,4.3591294,4.260989,4.1667776,4.120061
5.951725,5.930416,5.8994546,5.857337,5.822007,5.80653,5.787325,5.788683,5.7889,5.856276,5.8783894,5.8963947,5.99951,6.0690393,6.1236286,6.290287,6.4508176,6.563563,6.6878176,7.0001917,7.354441,7.7636213,8.283017,8.940915,10.458261,13.329392,13.723615,14.276218,14.716059,14.795796,14.780426,14.151016,13.695791,13.153848,13.333817,13.349317,13.576435,13.011891,12.717965,13.134908,13.414388,13.878232,14.730748,13.464077,12.660566,12.417909,12.125922,11.365725,10.336341,9.622029,9.116882,8.197029,7.701608,6.294566,5.8045387,5.502754,5.2140374,4.901136,4.639715,4.5606165,4.5086317,4.443781,4.3799562,4.3207064,4.2480664,4.1304455,4.0644894
6.029336,6.027441,5.9851427,5.9714885,5.9349575,5.8799677,5.8648114,5.845811,5.8394113,5.8399515,5.899107,5.952425,6.0513554,6.0981264,6.2068353,6.3566446,6.5862117,6.7808304,6.9500413,7.250822,7.5541067,7.939408,8.439663,9.137456,10.579151,13.33471,13.676068,14.233288,14.741282,14.824906,14.605215,14.38189,14.45709,15.119086,14.076724,14.12538,13.86429,13.184846,12.976102,13.018313,13.205853,13.376285,13.549563,12.626002,12.179431,12.108531,11.686172,11.103602,10.276063,9.857963,9.388099,8.40355,7.4298234,6.0905895,5.5423365,5.250905,5.0392995,4.815733,4.584264,4.529112,4.4346375,4.382522,4.317979,4.252545,4.18042,4.1060534,4.0154076
6.12221,6.098662,6.0652246,6.0449524,6.0108876,5.9326315,5.8890862,5.8610716,5.8320856,5.8449955,5.887155,5.958645,6.0602527,6.0646973,6.2980223,6.476255,6.6936016,7.010495,7.2906466,7.55316,7.8704486,8.2645,8.846979,9.720431,11.065468,13.750091,13.82006,14.271043,14.474312,14.892163,14.781035,14.667417,15.554291,16.624088,14.2109785,14.065343,13.901973,13.455939,13.21749,13.189941,13.160409,12.993669,12.989164,12.49744,11.989339,11.760949,11.452311,10.99963,10.653461,10.125621,9.501395,8.570126,7.4318023,6.209776,5.6251545,5.30788,4.9726095,4.7508564,4.556243,4.442585,4.363753,4.3706355,4.32493,4.2226815,4.160228,4.0448074,3.9576955
6.242963,6.211723,6.192842,6.1274023,6.047948,6.002922,5.9405355,5.892353,5.8514137,5.829916,5.858797,5.9200516,5.9760656,6.173139,6.275811,6.3556395,6.605323,7.121624,7.387336,7.730943,8.033018,8.452775,9.315427,10.413888,11.598929,13.835071,14.386794,14.453075,14.570914,15.031114,15.698421,15.946009,15.86185,14.967913,13.534931,13.901947,13.773965,13.274168,12.896609,12.901188,12.9447975,13.1697855,12.863682,12.346363,11.784082,11.531583,11.384844,11.047343,10.777262,10.156398,9.43747,8.315476,7.245962,6.2846036,5.617202,5.257168,4.946781,4.5968814,4.497741,4.4289,4.334304,4.3273063,4.2761426,4.257642,4.163207,4.03948,3.9220803
6.2960343,6.2968225,6.2304344,6.180044,6.097767,6.0339413,5.9749904,5.887743,5.8676386,5.848221,5.8249416,5.9301805,5.99895,6.2134376,6.303851,6.4006824,6.666026,7.172129,7.515191,7.8830705,8.2077055,8.624051,9.416816,10.909619,13.267863,15.063776,15.437217,15.166244,14.878933,14.879057,15.392139,16.253727,16.532715,15.396992,14.525788,13.9344225,13.553302,12.7624655,12.265742,12.513438,12.576472,12.724036,12.660985,12.11078,11.746961,11.485572,11.421966,10.927938,10.644256,9.929723,9.137534,7.958089,7.116577,6.1708775,5.4609814,5.07239,4.7703958,4.5246563,4.4656744,4.338548,4.2976093,4.2750726,4.227441,4.173653,4.0825787,3.9851165,3.908964
6.3673744,6.3469353,6.304063,6.268057,6.216117,6.138095,6.0606947,5.995251,5.947768,5.8988924,5.8997793,5.984289,6.102463,6.199601,6.340042,6.5440607,6.84365,7.2362895,7.61045,8.014266,8.445289,8.816207,9.582338,10.734778,12.774619,15.189223,16.290993,15.72514,15.286542,14.942915,15.481257,16.6414,17.47444,16.657574,17.173996,14.205066,13.67809,13.057267,12.556934,12.66767,12.619209,12.491623,11.984714,12.162606,11.839863,11.386157,11.338662,9.551942,9.7386265,9.090322,8.494587,7.645292,6.8937635,5.873935,5.189687,4.8295236,4.5728283,4.3548136,4.320094,4.305788,4.253069,4.226115,4.1939726,4.164028,4.0555687,3.931468,3.8702066
6.4123693,6.3891215,6.3183117,6.297558,6.242625,6.17537,6.138829,6.081932,6.0512953,5.9947853,5.9764843,6.07752,6.115289,6.2585077,6.4196777,6.656366,6.922797,7.307424,7.7341166,8.167834,8.753276,9.351731,10.358163,11.753035,13.9704,15.292977,16.918383,16.96486,15.847999,15.623103,16.293509,16.942795,16.671803,16.464977,16.315434,14.835965,14.25125,13.6749,13.231769,13.007989,12.078647,11.1732,10.883498,11.465495,11.561669,11.221613,10.70442,9.300451,9.4220915,8.54264,7.8708577,7.290305,6.6770954,5.453148,4.8722796,4.6337404,4.4698133,4.3045073,4.3152895,4.1673546,4.2310295,4.209231,4.145401,4.0920978,4.033651,3.9305916,3.8555586
6.4593816,6.431548,6.379786,6.3175035,6.298715,6.213434,6.169998,6.168944,6.1216993,6.080579,6.100937,6.2001357,6.2744026,6.413382,6.589575,6.7223525,6.9518337,7.4024944,7.816694,8.454455,9.28319,10.50636,11.826981,13.596293,16.033459,18.031378,22.31025,23.285492,17.037006,17.176172,18.293978,17.756302,16.534615,16.413658,16.254133,15.309425,14.526564,14.162272,13.664639,12.956141,11.506502,10.67579,10.521464,10.765756,11.18945,11.702699,10.974671,10.159075,9.472562,8.284724,7.454033,6.8799357,6.3122754,5.3366094,4.8341637,4.6238213,4.4450665,4.3020163,4.211691,4.2082715,4.1683674,4.163371,4.1004877,4.0814376,3.996059,3.887504,3.817909
6.4906282,6.4444985,6.3980627,6.359561,6.3020325,6.22398,6.1957827,6.1478815,6.1275425,6.1556883,6.179389,6.3074956,6.428161,6.5810404,6.7123365,6.8018265,7.111739,7.588763,8.08244,8.603179,9.226671,10.0755415,11.269195,13.375334,17.709969,25.362064,34.779182,23.140692,16.634626,16.329218,17.209885,16.771837,16.206015,16.450012,16.229393,15.556735,15.181045,14.847623,14.083167,12.988841,11.4067335,10.973688,10.70969,11.097014,10.969585,11.706744,10.493898,9.541637,9.007777,8.288192,7.2739325,6.5664325,6.0583506,5.205109,4.7787533,4.570889,4.402138,4.176764,4.2239366,4.133659,4.093852,4.1355066,4.0820765,4.0596375,3.9668384,3.865004,3.8123446
6.488084,6.4396996,6.3738356,6.3499994,6.294159,6.2296734,6.199937,6.166155,6.2076163,6.2354817,6.250806,6.374156,6.456667,6.6170826,6.7584195,6.8193665,7.1886597,7.721793,8.133727,8.574109,9.164113,9.726115,10.773007,12.773393,15.154225,19.41644,21.172073,17.743288,16.314297,16.227003,17.78775,16.858479,16.570744,16.63469,16.440155,15.783061,15.637322,15.331592,15.424326,13.716919,12.720565,12.340425,12.2921095,11.223786,10.988318,10.621897,9.445161,8.749124,8.232806,7.910331,7.150405,6.404544,5.8103123,5.063193,4.6744776,4.5207434,4.3468947,4.14139,4.136957,4.1025887,4.0917377,4.063096,4.026822,4.0022244,3.932884,3.8588881,3.8071058
6.5041733,6.415748,6.357792,6.2926893,6.256238,6.2197514,6.200239,6.235547,6.248539,6.288453,6.375387,6.488994,6.613079,6.7294884,6.791489,6.954147,7.288791,7.7341375,8.093496,8.485742,8.80664,9.279271,9.968188,10.809718,12.350315,13.3704815,13.513471,15.641175,16.478247,16.86142,18.567724,17.16199,17.153034,16.833893,16.62971,16.097195,15.440932,15.138714,14.666415,13.980287,13.763539,13.805854,15.313232,11.82987,10.496743,10.529115,8.825801,8.00462,7.5811653,7.3555164,6.664974,5.98989,5.568847,4.8304777,4.477493,4.3778234,4.202401,4.115673,4.0930843,4.0448728,4.0780325,4.0504646,4.002057,3.9916878,3.905762,3.7902122,3.7588139
6.5226727,6.4173956,6.3698764,6.2827387,6.228255,6.2104063,6.204011,6.2208595,6.2705913,6.306457,6.398674,6.487887,6.505967,6.7214165,6.7071347,6.749378,7.159914,7.583376,7.934426,8.268903,8.677857,9.070819,9.60922,10.17145,10.893697,11.5658045,13.044013,15.035943,16.267042,16.593578,17.52107,16.451603,16.561192,16.938011,17.137459,16.52378,15.278783,14.102034,12.952015,12.501709,13.231698,14.271724,12.900077,11.674428,10.170458,9.097637,8.004487,7.448763,7.151562,6.829727,6.2661195,5.745812,5.345221,4.684699,4.395145,4.257057,4.1464367,4.0412426,4.0641556,4.0624576,4.0314302,4.0092783,3.9645898,3.9510953,3.9133465,3.79676,3.7267232
6.524688,6.448389,6.371952,6.288083,6.236778,6.2199783,6.2465763,6.269307,6.301386,6.351849,6.404129,6.5094705,6.572146,6.6730275,6.645896,6.691988,7.029782,7.5166655,7.8568845,8.275525,8.738139,9.286268,9.836562,10.325887,10.953523,11.758086,13.559046,15.068509,16.26542,18.026411,17.899147,16.338177,16.225595,16.925339,17.063417,16.1594,14.902834,13.2212,12.063149,11.139575,11.563937,13.001527,13.391332,11.792672,9.753114,8.723869,7.881963,7.375401,7.1466603,6.7536206,6.1230593,5.803776,5.0123467,4.546468,4.3452,4.2552447,4.1232743,4.0645313,4.0861726,4.0507793,4.0097065,3.9964192,3.977209,3.9472766,3.8540306,3.7847831,3.7586827
6.538788,6.494422,6.416502,6.3341293,6.2770014,6.226742,6.213737,6.243132,6.265465,6.3299236,6.4087024,6.5185895,6.5307517,6.6187344,6.582361,6.603018,6.8539057,7.1242,7.569635,7.9996347,8.495725,9.135976,9.6270685,10.052522,10.58408,11.4201,12.803667,15.275251,16.76435,18.18227,18.180317,16.0603,15.626311,16.8553,16.95999,16.00851,14.910117,13.28434,12.119235,10.781161,10.585448,9.729073,9.69674,9.404098,8.886369,8.450128,7.8307304,7.465283,7.158342,7.1963215,6.3522787,5.7473183,4.8527994,4.4682245,4.2957954,4.1543517,4.1521387,4.1313963,4.1041336,4.060371,4.0215745,3.9881935,3.991565,3.9245405,3.8819427,3.7584472,3.7524085
6.533738,6.4625587,6.3952036,6.3071947,6.2063885,6.2219815,6.2222757,6.185443,6.265936,6.3363657,6.352479,6.4356585,6.4876595,6.524851,6.561601,6.500649,6.717528,6.948938,7.231371,7.743546,8.400537,9.102639,9.713898,10.235005,11.003114,12.437856,15.654647,17.158253,16.001694,16.13403,16.549248,15.677492,15.438283,15.421231,15.495002,14.900478,14.225789,13.857944,14.693142,11.117948,10.304995,9.098719,8.566445,8.32187,8.131957,7.9818983,7.670112,7.2374015,6.905427,6.590806,6.432209,5.3550487,4.7521677,4.511991,4.3592424,4.152036,4.114814,4.1180563,4.067395,4.0566673,4.035984,3.9858222,3.9745378,3.902733,3.8501937,3.7725015,3.697953
6.567094,6.435435,6.3593645,6.27916,6.2137084,6.133933,6.1752787,6.1617026,6.1747437,6.157961,6.2609653,6.291026,6.3707876,6.3894033,6.4110093,6.4760866,6.7240434,6.9319487,7.178415,7.5695853,8.310399,9.08636,9.787719,10.639636,12.073582,15.088636,20.254726,18.321024,17.881384,16.75163,17.012596,15.807183,14.828784,14.232804,13.917199,13.309431,12.723211,12.4828,12.830251,11.504742,10.303558,9.088258,8.452397,8.047448,7.5966015,7.2940803,7.279353,6.919693,6.511348,6.736599,7.5756917,5.357289,4.608565,4.401461,4.2235174,4.187282,4.155399,4.114217,4.0709367,4.053218,4.0126753,3.965514,3.9658742,3.8681948,3.7853448,3.7269077,3.6537635
6.544571,6.45135,6.347849,6.2979803,6.1522675,6.1560135,6.081521,6.1348786,6.1483936,6.1573544,6.193553,6.2541504,6.296767,6.3733406,6.3859673,6.4434004,6.6795435,6.9616575,7.2109594,7.5622687,8.274095,9.01677,9.654195,10.5959015,11.947478,14.091619,17.090538,17.68668,17.622929,17.058655,17.108063,15.595693,13.736681,13.220107,13.044707,12.856376,12.142395,11.719494,12.091153,11.933874,10.522218,9.7403965,8.526213,8.116594,7.5465107,7.046394,7.143589,6.9652576,6.7242036,9.131677,6.1151185,4.9842577,4.602249,4.4264417,4.24861,4.260274,4.2239504,4.1397657,4.0967984,4.0654135,4.04639,3.976845,3.9412787,3.8497245,3.7957556,3.720474,3.5999696
6.4680824,6.3883457,6.299825,6.243996,6.218688,6.0881963,5.9055386,5.9870734,6.0639915,6.055697,6.0848856,6.168641,6.159023,6.2668533,6.46157,6.5588217,6.769373,7.005101,7.2187724,7.638932,8.192836,8.814326,9.422412,10.624326,12.084445,13.612985,15.419868,15.795378,15.399075,15.619176,16.841242,14.43955,13.135098,12.68039,12.594951,12.223996,11.349393,10.9882765,11.215437,11.291684,10.329656,9.218272,8.255665,7.6590204,7.5505733,7.3282495,7.5155315,7.0649977,6.6203327,6.4248285,5.208939,4.808901,4.5655284,4.3343887,4.269061,4.2404013,4.194398,4.205717,4.101473,4.070898,4.0312014,4.0031195,3.9365456,3.8431475,3.764722,3.7296727,3.6667528
6.4836254,6.4004564,6.2974935,6.2554817,6.1718693,6.121341,6.0100727,6.017443,6.0649366,6.033495,6.085242,6.146161,6.203159,6.2919087,6.4077606,6.5612154,6.639862,6.904043,7.165156,7.5756235,8.066823,8.654903,9.508886,10.498628,11.404279,12.621063,13.693303,15.019025,13.389393,14.179624,14.963762,12.821447,12.155734,12.050459,11.980938,11.652947,11.191796,11.219413,10.942641,10.183685,9.556165,8.538513,7.78795,7.185756,7.1135373,7.041868,7.169402,7.131386,6.402736,5.2754846,4.878427,4.6559777,4.4376373,4.187546,4.2875643,4.230844,4.2298317,4.1011424,4.126351,4.026823,3.9907265,3.9769614,3.885989,3.76908,3.7726026,3.720132,3.6329687
6.4744167,6.385272,6.3391867,6.218758,6.214139,6.1036587,6.0976973,6.105108,6.1016116,6.0900164,6.0799236,6.17164,6.1934857,6.228334,6.2700663,6.4526234,6.5943503,6.8672686,7.1634817,7.5382996,7.9722867,8.385776,9.103349,9.367076,10.171613,10.638051,11.950103,13.21152,13.065818,14.425347,14.231282,12.489172,11.606972,11.365895,11.275297,11.130442,10.792062,10.391191,10.302257,9.936557,9.354287,8.516063,7.854361,7.4337325,6.8356943,6.636475,6.604781,8.018464,5.837884,5.0572686,4.8168483,4.6488695,4.413286,4.3095474,4.291841,4.2872562,4.1448116,4.117404,4.1020865,4.0404425,3.98622,3.9348907,3.8904972,3.8134155,3.8008323,3.696252,3.6502342
6.4950476,6.4173594,6.383377,6.321886,6.2471433,6.161471,6.138152,6.1206083,6.086301,6.008405,6.073753,6.1350718,6.0777655,6.070091,6.162141,6.3147726,6.589399,6.7524214,7.0974793,7.378378,7.7034054,7.8952093,8.142216,8.6301775,9.036462,9.531655,11.025369,12.55474,12.75693,13.358319,13.58577,12.536404,11.151303,10.686428,11.146886,11.232061,11.857379,10.187329,9.74232,9.590132,8.977884,8.430674,7.6127663,7.4367743,7.048524,6.6798444,6.1694098,5.494358,4.9931946,4.8081875,4.611916,4.466036,4.320632,4.2964835,4.244394,4.213064,4.198094,4.1170645,4.0840883,4.0340915,4.0120883,3.973792,3.9178169,3.8549342,3.821362,3.7026644,3.6647196
6.5261693,6.483486,6.4346714,6.4274693,6.3505545,6.209215,6.1328526,6.1352267,6.0137167,5.983071,5.9997387,5.956953,6.108304,6.139902,6.2409506,6.133803,6.4315186,6.798969,6.8319063,7.0145307,7.2110806,7.3942194,7.782386,8.156566,8.403358,8.800942,9.81752,11.273887,11.984714,12.375953,12.635169,12.381835,11.496851,10.267966,10.136289,10.478237,10.885289,10.125104,9.701667,9.123775,8.429972,8.226282,7.7698755,7.491115,6.978117,6.4325504,5.5037403,5.012492,4.8007708,4.715958,4.5471535,4.288142,4.3937483,4.313577,4.2703896,4.2084146,4.231532,4.137052,4.0846267,4.0472517,4.027666,3.9823198,3.9140363,3.8871422,3.8196821,3.7530994,3.6964197
6.6172514,6.566698,6.5629187,6.5162954,6.35784,6.3505206,6.078521,6.092351,6.0032616,5.9730735,5.9374504,6.0079417,6.1293826,6.2411447,6.396823,6.5148344,6.580911,6.5443854,6.84441,6.8402348,6.933217,7.147084,7.44153,7.7685547,7.930519,8.213178,8.587586,9.567386,11.201694,11.934556,12.332717,12.298062,11.7247715,10.455677,9.658601,9.8701105,10.254147,10.068832,10.012138,9.333881,8.627743,8.285166,7.9463105,7.650528,6.969816,6.3323836,5.361251,5.022288,4.8066235,4.652879,4.4532757,4.4264793,4.351221,4.319481,4.264304,4.202547,4.1561003,4.081869,4.057081,4.025923,3.995892,3.9576285,3.9238236,3.8814847,3.7928138,3.7443905,3.723513
6.7047844,6.6685085,6.649207,6.5795503,6.5284553,6.3833094,6.316251,6.1953483,6.126338,6.099326,6.132392,6.182994,6.3752356,6.395224,6.2989416,6.488781,6.669592,6.761119,6.901287,6.806241,6.8736053,6.9135795,7.185604,7.426153,7.5511813,7.756635,8.128709,8.702064,9.959267,11.241458,11.589672,11.860538,11.240727,10.304593,9.483045,9.605423,9.95104,9.837165,9.911611,9.530225,8.738778,8.142287,7.5719867,7.256151,6.7467117,5.7392235,5.2783384,5.0522466,4.8052096,4.540804,4.4956965,4.436897,4.4045887,4.231607,4.291687,4.167332,4.1547866,4.0815125,4.099888,4.0372877,4.028788,3.973662,3.92873,3.886516,3.8400865,3.7224672,3.693378
6.7392044,6.731512,6.665187,6.691761,6.599683,6.557651,6.406307,6.306677,6.325571,6.260847,6.3273926,6.338831,6.4039927,6.4005136,6.4089384,6.4696217,6.6524906,6.766387,6.7705073,6.734945,6.798105,6.829587,6.9193068,7.080594,7.274197,7.322793,7.784175,8.071948,8.825099,10.214671,11.100126,11.26893,11.00244,10.324208,9.736939,9.564353,9.572868,9.440744,9.383506,9.22335,8.583553,8.171801,7.4041567,6.820098,6.6568165,5.6256123,5.2335024,4.981599,4.781375,4.532364,4.492183,4.40331,4.349869,4.3324347,4.2275267,4.16707,4.1006804,4.098971,4.0499563,4.0334854,4.0164986,3.9695175,3.918619,3.8793304,3.8306732,3.7165449,3.7194383
6.8366914,6.8505573,6.809668,6.754616,6.7188954,6.586979,6.544617,6.4666824,6.4006147,6.3945103,6.378718,6.368637,6.415222,6.389328,6.409341,6.4960146,6.587091,6.644686,6.668721,6.638632,6.657515,6.776186,6.8764234,6.9505224,7.156909,7.1945515,7.3664455,7.578794,7.8890934,8.394908,9.448955,10.304135,10.443781,10.489814,10.239639,9.885856,9.456832,8.820662,8.557979,8.421006,8.423221,7.9809017,7.2853274,6.5595875,5.821166,5.364182,5.108384,4.921879,4.6667705,4.5541744,4.4872484,4.437495,4.378545,4.32805,4.2314076,4.18362,4.1590366,4.126111,4.083304,4.04558,3.991045,3.9518719,3.916535,3.8666046,3.8114543,3.7307365,3.7037797
6.9444017,6.898403,6.854528,6.7856784,6.740713,6.7222104,6.6077514,6.493242,6.412115,6.417053,6.343065,6.303234,6.397378,6.4137945,6.495943,6.4782653,6.576024,6.5835013,6.523714,6.546426,6.606687,6.6630692,6.7411056,6.878253,6.9043703,6.959323,6.9162793,7.1149163,7.1499443,7.430136,7.711352,8.148979,8.313772,8.651662,8.946749,9.086172,8.670046,8.083419,7.784872,7.43698,7.300726,7.2166767,6.922509,6.438757,5.715899,5.3851137,5.106754,4.851589,4.7341776,4.6216726,4.5319014,4.501004,4.4401884,4.361564,4.2869577,4.1865253,4.147288,4.0994415,4.0794163,4.0704613,4.027216,3.9967892,3.9279814,3.899988,3.8040776,3.7159655,3.646758
7.020247,6.9956894,6.975751,6.959331,6.90331,6.7532845,6.6749315,6.5889173,6.5139666,6.378537,6.348301,6.318674,6.336934,6.3500557,6.4613805,6.4939337,6.494698,6.469395,6.509775,6.5325117,6.5429363,6.6556864,6.650779,6.731129,6.8759036,6.7951155,6.895673,6.8594823,6.85995,6.998609,7.078347,7.3338203,7.4179506,7.557452,7.5990067,7.874073,8.172023,7.866843,7.527378,7.197666,6.8445363,6.46565,6.4239893,5.862207,5.492047,5.2763166,5.032489,4.7517056,4.715599,4.6562614,4.559402,4.4774237,4.423895,4.350362,4.286234,4.1939087,4.1802435,4.150244,4.102148,4.071623,4.013127,3.9479444,3.9010057,3.864223,3.7909784,3.7226083,3.6896317
7.1793027,7.129181,7.136827,7.0586944,7.040903,6.881817,6.7692175,6.6867514,6.5705433,6.486616,6.4416447,6.3260074,6.389497,6.436525,6.4880204,6.524516,6.5245094,6.439719,6.44116,6.4982023,6.5249634,6.6202593,6.682114,6.728219,6.771539,6.7648773,6.738378,6.77072,6.815317,6.7709723,6.7833285,6.75856,6.907994,6.9097204,6.9868765,7.0508127,7.5051107,7.6316595,7.4543686,7.195814,6.697297,6.19368,6.0678005,5.544261,5.274907,5.076857,4.8419456,4.5986395,4.710147,4.654695,4.5951576,4.484909,4.4487686,4.348468,4.282124,4.23771,4.198056,4.1673884,4.1287093,4.090696,4.0594387,3.9653816,3.9383547,3.8789594,3.8259144,3.7391686,3.6733892
7.256439,7.259184,7.1981173,7.182492,7.0822315,6.967016,6.8470793,6.7509184,6.620281,6.5755854,6.5081635,6.418157,6.4582243,6.4438996,6.516938,6.5490465,6.5534697,6.4454727,6.435289,6.411397,6.471944,6.524723,6.5509357,6.624826,6.6456556,6.673112,6.625407,6.6443987,6.546546,6.546191,6.5058446,6.61702,6.671098,6.5986404,6.618551,6.5741205,6.8790483,7.113929,7.180859,6.9089713,6.4485855,5.8954782,5.4956584,5.210076,5.036641,4.915283,4.6872993,4.740573,4.725708,4.642519,4.598584,4.548235,4.48438,4.344474,4.294593,4.237262,4.209651,4.190879,4.142029,4.1124344,4.076843,4.0353136,3.975557,3.9077866,3.847526,3.773041,3.7093916
7.394166,7.3968277,7.3759336,7.319413,7.2585363,7.1403437,7.01906,6.8617697,6.7380924,6.6234574,6.561418,6.5761695,6.56451,6.494997,6.559127,6.55958,6.5669284,6.502736,6.436963,6.410748,6.429208,6.4369,6.5028343,6.565525,6.5939,6.6179886,6.60366,6.5658646,6.5248475,6.444072,6.4299316,6.5454483,6.5474463,6.4147434,6.308118,6.4121156,6.5667496,6.734817,6.783524,6.4426355,5.9705873,5.573142,5.212522,5.0638947,4.866251,4.767613,4.5970044,4.7364388,4.7381363,4.66144,4.623063,4.5332117,4.4496136,4.405701,4.324869,4.244667,4.222271,4.1809206,4.1193666,4.1046395,4.0517826,3.9990995,3.9529014,3.913045,3.8710792,3.7766473,3.686098
7.6201773,7.5961294,7.5850935,7.470947,7.403017,7.2805104,7.13322,7.0325356,6.870015,6.7754426,6.7284307,6.6759834,6.6674967,6.6450615,6.667191,6.6375017,6.6514816,6.550066,6.466068,6.472334,6.48306,6.460615,6.515646,6.567302,6.5972366,6.637372,6.570953,6.5218515,6.4359293,6.3786535,6.388097,6.4213734,6.437639,6.298773,6.325009,6.326778,6.2585115,6.358061,6.1280127,5.9616404,5.4267225,5.219143,5.028183,4.913989,4.8169713,4.7607913,4.7098665,4.717387,4.6667576,4.6350274,4.5639095,4.50631,4.454988,4.3743305,4.325601,4.26423,4.2228265,4.197961,4.160269,4.1295896,4.0805254,4.0315046,3.9743824,3.9567442,3.8880727,3.7864914,3.7487783
7.767103,7.729045,7.65251,7.599614,7.5292873,7.3481374,7.220646,7.1274204,6.965851,6.8800125,6.8612275,6.7977085,6.7989554,6.7586565,6.7658787,6.730605,6.673839,6.5735903,6.49952,6.4969873,6.477149,6.457829,6.48186,6.5662737,6.5765753,6.5991783,6.5099416,6.448251,6.391648,6.3557262,6.3607125,6.2829685,6.2605705,6.186421,6.206311,6.1419435,6.0933094,5.922543,5.7462068,5.531389,5.314896,5.1036043,4.951855,4.7878246,4.7739134,4.759824,4.6583257,4.7328115,4.667307,4.660947,4.583437,4.5053997,4.4404473,4.391385,4.325785,4.2713428,4.2113733,4.1698427,4.1385994,4.1188326,4.0631247,4.0264215,3.9938571,3.963563,3.9306931,3.8154473,3.7344215
7.864972,7.87337,7.8204417,7.791353,7.682407,7.506278,7.305583,7.1768575,7.053702,6.9945464,6.9181523,6.8007913,6.8642054,6.8091993,6.8412967,6.7930346,6.6922755,6.59166,6.542827,6.5203657,6.4925156,6.468154,6.4334507,6.5519805,6.5870132,6.6245327,6.526907,6.451338,6.3528585,6.3177614,6.2786446,6.1791325,6.1059513,6.0203404,6.0713954,6.03461,5.88809,5.7387094,5.5762925,5.369484,5.2060757,5.0534697,4.885714,4.8074865,4.7506013,4.7815046,4.7109084,4.756765,4.7752028,4.6342764,4.5653048,4.512684,4.409911,4.3747263,4.3213277,4.269828,4.2237062,4.1816893,4.1256194,4.116934,4.0992284,4.0387287,4.0325365,3.9847083,3.9404817,3.8318956,3.7779276
8.187188,8.061944,8.005058,7.9356766,7.786681,7.608653,7.4112487,7.3315587,7.164372,7.081294,6.9886117,6.9032474,6.861377,6.7987156,6.864336,6.7991905,6.677445,6.546435,6.5421724,6.515732,6.499344,6.521402,6.4884906,6.525296,6.5452924,6.5967073,6.587714,6.534569,6.4402065,6.3663898,6.2883434,6.1612864,6.106821,5.976425,5.928363,5.8763,5.757866,5.620152,5.4720926,5.3049803,5.1862063,5.053853,4.976697,4.917371,4.8896627,4.8196344,4.8134103,4.7950087,4.7692304,4.725428,4.6085925,4.538019,4.479974,4.392041,4.359437,4.3013854,4.2661304,4.232067,4.196572,4.1613216,4.1259756,4.0847473,4.040153,3.974527,3.9704037,3.8552206,3.778687
8.3151245,8.279531,8.213291,8.065168,7.9050083,7.739286,7.557315,7.441527,7.3183007,7.210086,7.1073103,7.0342374,6.972746,6.896994,6.9637194,6.9644985,6.8641014,6.716417,6.672736,6.641261,6.5379467,6.514524,6.560431,6.621147,6.6288714,6.6005316,6.6187954,6.5686398,6.5621724,6.4425507,6.397647,6.2527924,6.0602565,5.9896464,5.898781,5.8353796,5.7572923,5.615571,5.441128,5.3608646,5.202901,5.109853,5.0659065,4.979694,4.954547,4.9317408,4.8854113,4.8462305,4.7920933,4.728025,4.666065,4.5709066,4.5046473,4.450248,4.3883915,4.2917604,4.2630715,4.233586,4.184033,4.1611376,4.1650696,4.0939817,4.0330086,3.9811516,3.9662013,3.8973558,3.8126464
8.546016,8.433146,8.335481,8.224832,8.052577,7.809762,7.6528177,7.553057,7.375482,7.300065,7.2270064,7.089072,7.083317,7.0249844,7.108158,7.167433,7.0029407,6.861203,6.854165,6.7248564,6.6366816,6.672192,6.643261,6.660998,6.6740212,6.6386614,6.6189203,6.6209793,6.5249453,6.467631,6.4480257,6.282997,6.1590977,6.06976,5.9789724,5.9172816,5.8234854,5.704547,5.5415807,5.396181,5.266647,5.189515,5.1167784,5.0711846,5.0219707,5.046254,4.9678593,4.940237,4.9038396,4.8002253,4.713361,4.6411157,4.539168,4.481221,4.416386,4.3177156,4.3169637,4.2788863,4.244345,4.206213,4.1846027,4.1322536,4.0641947,4.0252876,4.0119743,3.9024553,3.8793902
8.877965,8.680209,8.496879,8.347339,8.187964,7.925702,7.7940483,7.6907887,7.5332785,7.4757104,7.368199,7.334812,7.2554483,7.193207,7.5243053,7.5620136,7.3073688,7.0557017,7.0608625,6.8968325,6.842535,6.7827663,6.7319374,6.757288,6.7074347,6.70063,6.6834598,6.6592674,6.593892,6.597966,6.5009174,6.3956413,6.336404,6.2549877,6.074918,6.029394,5.9475946,5.81553,5.668962,5.515015,5.4206476,5.311739,5.206338,5.1686654,5.083621,5.1397815,5.0814843,4.997012,4.9162216,4.8433056,4.7188063,4.694114,4.62023,4.4840612,4.4658995,4.381977,4.3249474,4.3126287,4.270789,4.208425,4.194117,4.128338,4.1172037,4.083382,4.037609,3.942247,3.8667016
9.107472,8.902134,8.660945,8.542007,8.357162,8.087758,7.972746,7.9310036,7.7637644,7.6994987,7.678277,7.7274637,7.685172,7.841941,8.860646,8.586705,7.9909186,7.644007,7.5675077,7.4272146,7.2609367,7.1925244,7.0181265,7.0180235,6.9319506,7.039826,6.8984604,6.838558,6.9629793,6.9421363,6.817039,6.752858,6.767406,6.7059555,6.51122,6.279971,6.2059064,6.0913286,5.8293276,5.777322,5.590088,5.370245,5.320898,5.2441897,5.112006,5.1634903,5.138117,5.0386777,4.972403,4.9098973,4.8179765,4.6932516,4.6324053,4.53341,4.494163,4.4246025,4.3456545,4.33932,4.2551746,4.221408,4.195433,4.1858997,4.1376634,4.085663,4.0916834,4.01807,4.0013723
